[
  {
    "inputs": [],
    "name": "name",
    "outputs": [{"internalType": "string", "name": "", "type": "string"}],
    "stateMutability": "view",
    "type": "function"
  },
  {
    "inputs": [],
    "name": "symbol",
    "outputs": [{"internalType": "string", "name": "", "type": "string"}],
    "stateMutability": "view",
    "type": "function"
  },
  {
    "inputs": [],
    "name": "decimals",
    "outputs": [{"internalType": "uint8", "name": "", "type": "uint8"}],
    "stateMutability": "view",
    "type": "function"
  },
  {
    "inputs": [],
    "name": "totalSupply",
    "outputs": [{"internalType": "uint256", "name": "", "type": "uint256"}],
    "stateMutability": "view",
    "type": "function"
  },
  {
    "inputs": [{"internalType": "address", "name": "account", "type": "address"}],
    "name": "balanceOf",
    "outputs": [{"internalType": "uint256", "name": "", "type": "uint256"}],
    "stateMutability": "view",
    "type": "function"
  },
  {
    "inputs": [
      {"internalType": "address", "name": "owner", "type": "address"},
      {"internalType": "address", "name": "spender", "type": "address"}
    ],
    "name": "allowance",
    "outputs": [{"internalType": "uint256", "name": "", "type": "uint256"}],
    "stateMutability": "view",
    "type": "function"
  }
]
