[
  {
    "inputs": [
      {"internalType": "address", "name": "tokenA", "type": "address"},
      {"internalType": "address", "name": "tokenB", "type": "address"},
      {"internalType": "uint24", "name": "fee", "type": "uint24"}
    ],
    "name": "getPool",
    "outputs": [{"internalType": "address", "name": "pool", "type": "address"}],
    "stateMutability": "view",
    "type": "function"
  },
  {
    "inputs": [],
    "name": "owner",
    "outputs": [{"internalType": "address", "name": "", "type": "address"}],
    "stateMutability": "view",
    "type": "function"
  },
  {
    "inputs": [{"internalType": "uint24", "name": "fee", "type": "uint24"}],
    "name": "feeAmountTickSpacing",
    "outputs": [{"internalType": "int24", "name": "", "type": "int24"}],
    "stateMutability": "view",
    "type": "function"
  }
]
