[
  {
    "inputs": [
      {"internalType": "address", "name": "tokenA", "type": "address"},
      {"internalType": "address", "name": "tokenB", "type": "address"}
    ],
    "name": "getPair",
    "outputs": [{"internalType": "address", "name": "pair", "type": "address"}],
    "stateMutability": "view",
    "type": "function"
  },
  {
    "inputs": [{"internalType": "uint256", "name": "", "type": "uint256"}],
    "name": "allPairs",
    "outputs": [{"internalType": "address", "name": "", "type": "address"}],
    "stateMutability": "view",
    "type": "function"
  },
  {
    "inputs": [],
    "name": "allPairsLength",
    "outputs": [{"internalType": "uint256", "name": "", "type": "uint256"}],
    "stateMutability": "view",
    "type": "function"
  },
  {
    "inputs": [],
    "name": "feeTo",
    "outputs": [{"internalType": "address", "name": "", "type": "address"}],
    "stateMutability": "view",
    "type": "function"
  }
]
