{
  "timestamp": "2026-01-11T10:13:00.092516+00:00",
  "harness": "SMOKE_WETH_USDC",
  "session_summary": {
    "session_start": "2026-01-11T10:12:58.766431+00:00",
    "session_end": "2026-01-11T10:13:00.092537+00:00",
    "duration_seconds": 1,
    "intent_file": "config\\intent.txt",
    "total_cycles": 1,
    "total_quotes_attempted": 12,
    "total_quotes_fetched": 12,
    "total_quotes_passed_gates": 8,
    "fetch_rate": 1.0,
    "gate_pass_rate": 0.6667,
    "quote_reject_histogram": {
      "QUOTE_GAS_TOO_HIGH": 3,
      "TICKS_CROSSED_TOO_MANY": 4
    }
  },
  "cycle_summaries": [
    {
      "chain": "arbitrum_one",
      "chain_id": 42161,
      "cycle_start": "2026-01-11T10:12:58.772483+00:00",
      "cycle_end": "2026-01-11T10:13:00.091067+00:00",
      "duration_ms": 1318,
      "block_number": 420198934,
      "planned_pools": 4,
      "pools_scanned": 4,
      "dexes_passed_gate": [
        {
          "dex_key": "uniswap_v3",
          "quoter": "0x61fFE014bA17989E743c5F6cB21bF9697530B21e",
          "fee_tiers": [
            100,
            500,
            3000,
            10000
          ],
          "verified_for_execution": true
        },
        {
          "dex_key": "sushiswap_v3",
          "quoter": "0x0524E833cCD057e4d7A296e3aaAb9f7675964Ce1",
          "fee_tiers": [
            100,
            500,
            3000,
            10000
          ],
          "verified_for_execution": false
        }
      ],
      "quotes_attempted": 12,
      "quotes_fetched": 12,
      "quotes_passed_gates": 8,
      "fetch_rate": 1.0,
      "gate_pass_rate": 0.6667,
      "quotes": [
        {
          "dex": "uniswap_v3",
          "pair": "WETH/USDC",
          "fee": 100,
          "amount_in": "10000000000000000",
          "amount_out": "31030452",
          "implied_price": "3103.0452",
          "block_number": 420198934,
          "gas_estimate": 92216,
          "ticks_crossed": 0,
          "sqrt_price_x96_after": "4413593274911845954331975",
          "latency_ms": 49
        },
        {
          "dex": "uniswap_v3",
          "pair": "WETH/USDC",
          "fee": 100,
          "amount_in": "100000000000000000",
          "amount_out": "310265343",
          "implied_price": "3102.65343",
          "block_number": 420198934,
          "gas_estimate": 130816,
          "ticks_crossed": 1,
          "sqrt_price_x96_after": "4413035938881897126731282",
          "latency_ms": 47
        },
        {
          "dex": "uniswap_v3",
          "pair": "WETH/USDC",
          "fee": 500,
          "amount_in": "10000000000000000",
          "amount_out": "31005852",
          "implied_price": "3100.5852",
          "block_number": 420198934,
          "gas_estimate": 92283,
          "ticks_crossed": 1,
          "sqrt_price_x96_after": "4412756969959847740933681",
          "latency_ms": 34
        },
        {
          "dex": "uniswap_v3",
          "pair": "WETH/USDC",
          "fee": 500,
          "amount_in": "100000000000000000",
          "amount_out": "310058351",
          "implied_price": "3100.58351",
          "block_number": 420198934,
          "gas_estimate": 92283,
          "ticks_crossed": 1,
          "sqrt_price_x96_after": "4412754500709005656035199",
          "latency_ms": 46
        },
        {
          "dex": "uniswap_v3",
          "pair": "WETH/USDC",
          "fee": 500,
          "amount_in": "1000000000000000000",
          "amount_out": "3100566168",
          "implied_price": "3100.566168",
          "block_number": 420198934,
          "gas_estimate": 92283,
          "ticks_crossed": 1,
          "sqrt_price_x96_after": "4412729808352573285209059",
          "latency_ms": 47
        },
        {
          "dex": "sushiswap_v3",
          "pair": "WETH/USDC",
          "fee": 500,
          "amount_in": "10000000000000000",
          "amount_out": "31005624",
          "implied_price": "3100.5624",
          "block_number": 420198934,
          "gas_estimate": 97523,
          "ticks_crossed": 1,
          "sqrt_price_x96_after": "4412708716420627153247795",
          "latency_ms": 35
        },
        {
          "dex": "sushiswap_v3",
          "pair": "WETH/USDC",
          "fee": 500,
          "amount_in": "100000000000000000",
          "amount_out": "310015539",
          "implied_price": "3100.15539",
          "block_number": 420198934,
          "gas_estimate": 106204,
          "ticks_crossed": 1,
          "sqrt_price_x96_after": "4412129340143961583225407",
          "latency_ms": 34
        },
        {
          "dex": "sushiswap_v3",
          "pair": "WETH/USDC",
          "fee": 500,
          "amount_in": "1000000000000000000",
          "amount_out": "3096093313",
          "implied_price": "3096.093313",
          "block_number": 420198934,
          "gas_estimate": 184038,
          "ticks_crossed": 4,
          "sqrt_price_x96_after": "4406354341816307519252656",
          "latency_ms": 49
        }
      ],
      "spreads": [
        {
          "buy_dex": "sushiswap_v3",
          "sell_dex": "uniswap_v3",
          "fee": 500,
          "amount_in": "100000000000000000",
          "buy_price": "3100.15539",
          "sell_price": "3100.58351",
          "spread_bps": 1,
          "gas_cost_bps": 19,
          "net_pnl_bps": -18,
          "profitable": false,
          "executable": false,
          "exec_details": {
            "buy_verified": false,
            "sell_verified": true
          }
        },
        {
          "buy_dex": "sushiswap_v3",
          "sell_dex": "uniswap_v3",
          "fee": 500,
          "amount_in": "1000000000000000000",
          "buy_price": "3096.093313",
          "sell_price": "3100.566168",
          "spread_bps": 14,
          "gas_cost_bps": 2,
          "net_pnl_bps": 12,
          "profitable": true,
          "executable": false,
          "exec_details": {
            "buy_verified": false,
            "sell_verified": true
          }
        }
      ],
      "quote_reject_reasons": {
        "QUOTE_GAS_TOO_HIGH": 3,
        "TICKS_CROSSED_TOO_MANY": 4
      },
      "status": "OK"
    }
  ]
}