{
  "timestamp": "2026-01-11T18:05:26.841901+00:00",
  "mode": "SMOKE",
  "session_summary": {
    "session_start": "2026-01-11T18:05:25.084275+00:00",
    "session_end": "2026-01-11T18:05:26.841916+00:00",
    "duration_seconds": 1,
    "intent_file": "config\\intent.txt",
    "total_cycles": 1,
    "total_quotes_attempted": 15,
    "total_quotes_fetched": 12,
    "total_quotes_passed_gates": 8,
    "fetch_rate": 0.8,
    "gate_pass_rate": 0.6667,
    "quote_reject_histogram": {
      "QUOTE_GAS_TOO_HIGH": 2,
      "TICKS_CROSSED_TOO_MANY": 2,
      "QUOTE_REVERT": 3,
      "INFRA_BAD_ABI": 2
    }
  },
  "cycle_summaries": [
    {
      "chain": "arbitrum_one",
      "chain_id": 42161,
      "mode": "SMOKE",
      "cycle_start": "2026-01-11T18:05:25.086071+00:00",
      "cycle_end": "2026-01-11T18:05:26.841188+00:00",
      "duration_ms": 1755,
      "block_number": 420312341,
      "gas_price_gwei": 0.02,
      "planned_pools": 5,
      "pools_scanned": 5,
      "dexes_passed_gate": [
        {
          "dex_key": "uniswap_v3",
          "quoter": "0x61fFE014bA17989E743c5F6cB21bF9697530B21e",
          "fee_tiers": [
            100,
            500,
            3000,
            10000
          ],
          "verified_for_execution": true
        },
        {
          "dex_key": "sushiswap_v3",
          "quoter": "0x0524E833cCD057e4d7A296e3aaAb9f7675964Ce1",
          "fee_tiers": [
            100,
            500,
            3000
          ],
          "verified_for_execution": true
        },
        {
          "dex_key": "camelot_v3",
          "quoter": "0x0Fc73040b26E9bC8514fA028D998E73A254Fa76E",
          "fee_tiers": [
            0
          ],
          "verified_for_execution": false
        }
      ],
      "quotes_attempted": 15,
      "quotes_fetched": 12,
      "quotes_fetch_failed": 3,
      "quotes_rejected": 7,
      "quotes_passed_gates": 8,
      "fetch_rate": 0.8,
      "gate_pass_rate": 0.6667,
      "quotes": [
        {
          "dex": "uniswap_v3",
          "pair": "WETH/USDC",
          "pool_address": "computed",
          "token_in": "0x82aF49447D8a07e3bd95BD0d56f35241523fBab1",
          "token_out": "0xaf88d065e77c8cC2239327C5EDb3A432268e5831",
          "fee": 100,
          "quoter": "0x61fFE014bA17989E743c5F6cB21bF9697530B21e",
          "amount_in": "10000000000000000",
          "amount_out": "31195592",
          "implied_price": "3119.5592",
          "anchor_price": "3119.5592",
          "block_number": 420312341,
          "gas_estimate": 92200,
          "ticks_crossed": 1,
          "sqrt_price_x96_after": "4425323818175588740844482",
          "latency_ms": 52
        },
        {
          "dex": "uniswap_v3",
          "pair": "WETH/USDC",
          "pool_address": "computed",
          "token_in": "0x82aF49447D8a07e3bd95BD0d56f35241523fBab1",
          "token_out": "0xaf88d065e77c8cC2239327C5EDb3A432268e5831",
          "fee": 100,
          "quoter": "0x61fFE014bA17989E743c5F6cB21bF9697530B21e",
          "amount_in": "100000000000000000",
          "amount_out": "311918927",
          "implied_price": "3119.18927",
          "anchor_price": "3119.18927",
          "block_number": 420312341,
          "gas_estimate": 153485,
          "ticks_crossed": 2,
          "sqrt_price_x96_after": "4424799040238905362702017",
          "latency_ms": 52
        },
        {
          "dex": "uniswap_v3",
          "pair": "WETH/USDC",
          "pool_address": "computed",
          "token_in": "0x82aF49447D8a07e3bd95BD0d56f35241523fBab1",
          "token_out": "0xaf88d065e77c8cC2239327C5EDb3A432268e5831",
          "fee": 500,
          "quoter": "0x61fFE014bA17989E743c5F6cB21bF9697530B21e",
          "amount_in": "10000000000000000",
          "amount_out": "31191714",
          "implied_price": "3119.1714",
          "anchor_price": "3119.1714",
          "block_number": 420312341,
          "gas_estimate": 91281,
          "ticks_crossed": 1,
          "sqrt_price_x96_after": "4425963156714688326521693",
          "latency_ms": 50
        },
        {
          "dex": "uniswap_v3",
          "pair": "WETH/USDC",
          "pool_address": "computed",
          "token_in": "0x82aF49447D8a07e3bd95BD0d56f35241523fBab1",
          "token_out": "0xaf88d065e77c8cC2239327C5EDb3A432268e5831",
          "fee": 500,
          "quoter": "0x61fFE014bA17989E743c5F6cB21bF9697530B21e",
          "amount_in": "100000000000000000",
          "amount_out": "311916971",
          "implied_price": "3119.16971",
          "anchor_price": "3119.16971",
          "block_number": 420312341,
          "gas_estimate": 91281,
          "ticks_crossed": 1,
          "sqrt_price_x96_after": "4425960705626125749775790",
          "latency_ms": 31
        },
        {
          "dex": "uniswap_v3",
          "pair": "WETH/USDC",
          "pool_address": "computed",
          "token_in": "0x82aF49447D8a07e3bd95BD0d56f35241523fBab1",
          "token_out": "0xaf88d065e77c8cC2239327C5EDb3A432268e5831",
          "fee": 500,
          "quoter": "0x61fFE014bA17989E743c5F6cB21bF9697530B21e",
          "amount_in": "1000000000000000000",
          "amount_out": "3119152444",
          "implied_price": "3119.152444",
          "anchor_price": "3119.152444",
          "block_number": 420312341,
          "gas_estimate": 91281,
          "ticks_crossed": 1,
          "sqrt_price_x96_after": "4425936194889813969432700",
          "latency_ms": 56
        },
        {
          "dex": "sushiswap_v3",
          "pair": "WETH/USDC",
          "pool_address": "computed",
          "token_in": "0x82aF49447D8a07e3bd95BD0d56f35241523fBab1",
          "token_out": "0xaf88d065e77c8cC2239327C5EDb3A432268e5831",
          "fee": 500,
          "quoter": "0x0524E833cCD057e4d7A296e3aaAb9f7675964Ce1",
          "amount_in": "10000000000000000",
          "amount_out": "31195834",
          "implied_price": "3119.5834",
          "anchor_price": "3119.1714",
          "block_number": 420312341,
          "gas_estimate": 97493,
          "ticks_crossed": 1,
          "sqrt_price_x96_after": "4426223138920838533197393",
          "latency_ms": 33
        },
        {
          "dex": "sushiswap_v3",
          "pair": "WETH/USDC",
          "pool_address": "computed",
          "token_in": "0x82aF49447D8a07e3bd95BD0d56f35241523fBab1",
          "token_out": "0xaf88d065e77c8cC2239327C5EDb3A432268e5831",
          "fee": 500,
          "quoter": "0x0524E833cCD057e4d7A296e3aaAb9f7675964Ce1",
          "amount_in": "100000000000000000",
          "amount_out": "311917167",
          "implied_price": "3119.17167",
          "anchor_price": "3119.16971",
          "block_number": 420312341,
          "gas_estimate": 106188,
          "ticks_crossed": 1,
          "sqrt_price_x96_after": "4425638872853971896325246",
          "latency_ms": 31
        },
        {
          "dex": "sushiswap_v3",
          "pair": "WETH/USDC",
          "pool_address": "computed",
          "token_in": "0x82aF49447D8a07e3bd95BD0d56f35241523fBab1",
          "token_out": "0xaf88d065e77c8cC2239327C5EDb3A432268e5831",
          "fee": 500,
          "quoter": "0x0524E833cCD057e4d7A296e3aaAb9f7675964Ce1",
          "amount_in": "1000000000000000000",
          "amount_out": "3115059741",
          "implied_price": "3115.059741",
          "anchor_price": "3119.152444",
          "block_number": 420312341,
          "gas_estimate": 159156,
          "ticks_crossed": 3,
          "sqrt_price_x96_after": "4419804575352693504844707",
          "latency_ms": 51
        }
      ],
      "spreads": [
        {
          "id": "uniswap_v3_sushiswap_v3_500_10000000000000000",
          "pair": "WETH/USDC",
          "token_in_symbol": "WETH",
          "token_out_symbol": "USDC",
          "buy_leg": {
            "dex": "uniswap_v3",
            "price": "3119.1714",
            "amount_out": "31191714",
            "gas_estimate": 91281,
            "ticks_crossed": 1,
            "verified_for_execution": true
          },
          "sell_leg": {
            "dex": "sushiswap_v3",
            "price": "3119.5834",
            "amount_out": "31195834",
            "gas_estimate": 97493,
            "ticks_crossed": 1,
            "verified_for_execution": true
          },
          "fee": 500,
          "amount_in": "10000000000000000",
          "spread_bps": 1,
          "gas_price_gwei": 0.02,
          "gas_cost_bps": 3,
          "net_pnl_bps": -2,
          "profitable": false,
          "executable": true
        },
        {
          "id": "sushiswap_v3_uniswap_v3_500_1000000000000000000",
          "pair": "WETH/USDC",
          "token_in_symbol": "WETH",
          "token_out_symbol": "USDC",
          "buy_leg": {
            "dex": "sushiswap_v3",
            "price": "3115.059741",
            "amount_out": "3115059741",
            "gas_estimate": 159156,
            "ticks_crossed": 3,
            "verified_for_execution": true
          },
          "sell_leg": {
            "dex": "uniswap_v3",
            "price": "3119.152444",
            "amount_out": "3119152444",
            "gas_estimate": 91281,
            "ticks_crossed": 1,
            "verified_for_execution": true
          },
          "fee": 500,
          "amount_in": "1000000000000000000",
          "spread_bps": 13,
          "gas_price_gwei": 0.02,
          "gas_cost_bps": 0,
          "net_pnl_bps": 13,
          "profitable": true,
          "executable": true
        }
      ],
      "paper_trades": [
        {
          "spread_id": "uniswap_v3_sushiswap_v3_500_10000000000000000",
          "outcome": "UNPROFITABLE",
          "net_pnl_bps": -2,
          "expected_pnl_usdc": -0.0062,
          "recorded": true
        },
        {
          "spread_id": "sushiswap_v3_uniswap_v3_500_1000000000000000000",
          "outcome": "WOULD_EXECUTE",
          "net_pnl_bps": 13,
          "expected_pnl_usdc": 4.0496,
          "recorded": true
        }
      ],
      "rpc_stats": {
        "https://arb-mainnet.g.alchemy.com/v2/6cDFdYb-lqxV1uwTAstRN": {
          "total_requests": 17,
          "success_rate": 0.824,
          "avg_latency_ms": 51,
          "last_error": "execution reverted"
        },
        "https://arbitrum.llamarpc.com": {
          "total_requests": 3,
          "success_rate": 0.0,
          "avg_latency_ms": 0,
          "last_error": "[Errno 11001] getaddrinfo failed"
        },
        "https://arb1.arbitrum.io/rpc": {
          "total_requests": 3,
          "success_rate": 0.0,
          "avg_latency_ms": 0,
          "last_error": "execution reverted"
        }
      },
      "reject_reasons_histogram": {
        "QUOTE_GAS_TOO_HIGH": 2,
        "TICKS_CROSSED_TOO_MANY": 2,
        "QUOTE_REVERT": 3,
        "INFRA_BAD_ABI": 2
      },
      "total_reject_reasons": 9,
      "status": "OK"
    }
  ]
}