{
  "timestamp": "2026-01-11T10:57:34.947515+00:00",
  "harness": "SMOKE_WETH_USDC",
  "session_summary": {
    "session_start": "2026-01-11T10:57:33.847101+00:00",
    "session_end": "2026-01-11T10:57:34.947531+00:00",
    "duration_seconds": 1,
    "intent_file": "config\\intent.txt",
    "total_cycles": 1,
    "total_quotes_attempted": 12,
    "total_quotes_fetched": 12,
    "total_quotes_passed_gates": 8,
    "fetch_rate": 1.0,
    "gate_pass_rate": 0.6667,
    "quote_reject_histogram": {
      "QUOTE_GAS_TOO_HIGH": 3,
      "TICKS_CROSSED_TOO_MANY": 4
    }
  },
  "cycle_summaries": [
    {
      "chain": "arbitrum_one",
      "chain_id": 42161,
      "cycle_start": "2026-01-11T10:57:33.849198+00:00",
      "cycle_end": "2026-01-11T10:57:34.946856+00:00",
      "duration_ms": 1097,
      "block_number": 420209628,
      "gas_price_gwei": 0.02,
      "planned_pools": 4,
      "pools_scanned": 4,
      "dexes_passed_gate": [
        {
          "dex_key": "uniswap_v3",
          "quoter": "0x61fFE014bA17989E743c5F6cB21bF9697530B21e",
          "fee_tiers": [
            100,
            500,
            3000,
            10000
          ],
          "verified_for_execution": true
        },
        {
          "dex_key": "sushiswap_v3",
          "quoter": "0x0524E833cCD057e4d7A296e3aaAb9f7675964Ce1",
          "fee_tiers": [
            100,
            500,
            3000,
            10000
          ],
          "verified_for_execution": false
        }
      ],
      "quotes_attempted": 12,
      "quotes_fetched": 12,
      "quotes_passed_gates": 8,
      "fetch_rate": 1.0,
      "gate_pass_rate": 0.6667,
      "quotes": [
        {
          "dex": "uniswap_v3",
          "pair": "WETH/USDC",
          "fee": 100,
          "amount_in": "10000000000000000",
          "amount_out": "31030963",
          "implied_price": "3103.0963",
          "block_number": 420209628,
          "gas_estimate": 92216,
          "ticks_crossed": 0,
          "sqrt_price_x96_after": "4413629559984290176754475",
          "latency_ms": 46
        },
        {
          "dex": "uniswap_v3",
          "pair": "WETH/USDC",
          "fee": 100,
          "amount_in": "100000000000000000",
          "amount_out": "310270445",
          "implied_price": "3102.70445",
          "block_number": 420209628,
          "gas_estimate": 130816,
          "ticks_crossed": 1,
          "sqrt_price_x96_after": "4413072214788825057486713",
          "latency_ms": 51
        },
        {
          "dex": "uniswap_v3",
          "pair": "WETH/USDC",
          "fee": 500,
          "amount_in": "10000000000000000",
          "amount_out": "31013623",
          "implied_price": "3101.3623",
          "block_number": 420209628,
          "gas_estimate": 92231,
          "ticks_crossed": 1,
          "sqrt_price_x96_after": "4413309920532783150352512",
          "latency_ms": 33
        },
        {
          "dex": "uniswap_v3",
          "pair": "WETH/USDC",
          "fee": 500,
          "amount_in": "100000000000000000",
          "amount_out": "310136061",
          "implied_price": "3101.36061",
          "block_number": 420209628,
          "gas_estimate": 92231,
          "ticks_crossed": 1,
          "sqrt_price_x96_after": "4413307448308228587627576",
          "latency_ms": 32
        },
        {
          "dex": "uniswap_v3",
          "pair": "WETH/USDC",
          "fee": 500,
          "amount_in": "1000000000000000000",
          "amount_out": "3101343243",
          "implied_price": "3101.343243",
          "block_number": 420209628,
          "gas_estimate": 92231,
          "ticks_crossed": 1,
          "sqrt_price_x96_after": "4413282726215018647951838",
          "latency_ms": 42
        },
        {
          "dex": "sushiswap_v3",
          "pair": "WETH/USDC",
          "fee": 500,
          "amount_in": "10000000000000000",
          "amount_out": "31015418",
          "implied_price": "3101.5418",
          "block_number": 420209628,
          "gas_estimate": 97496,
          "ticks_crossed": 1,
          "sqrt_price_x96_after": "4413405591101039194554663",
          "latency_ms": 30
        },
        {
          "dex": "sushiswap_v3",
          "pair": "WETH/USDC",
          "fee": 500,
          "amount_in": "100000000000000000",
          "amount_out": "310113458",
          "implied_price": "3101.13458",
          "block_number": 420209628,
          "gas_estimate": 136270,
          "ticks_crossed": 2,
          "sqrt_price_x96_after": "4412826031826559523505927",
          "latency_ms": 32
        },
        {
          "dex": "sushiswap_v3",
          "pair": "WETH/USDC",
          "fee": 500,
          "amount_in": "1000000000000000000",
          "amount_out": "3097069227",
          "implied_price": "3097.069227",
          "block_number": 420209628,
          "gas_estimate": 183972,
          "ticks_crossed": 4,
          "sqrt_price_x96_after": "4407046321253523746746265",
          "latency_ms": 36
        }
      ],
      "spreads": [
        {
          "id": "sushiswap_v3_uniswap_v3_500_1000000000000000000",
          "buy_leg": {
            "dex": "sushiswap_v3",
            "price": "3097.069227",
            "amount_out": "3097069227",
            "gas_estimate": 183972,
            "ticks_crossed": 4,
            "verified_for_execution": false
          },
          "sell_leg": {
            "dex": "uniswap_v3",
            "price": "3101.343243",
            "amount_out": "3101343243",
            "gas_estimate": 92231,
            "ticks_crossed": 1,
            "verified_for_execution": true
          },
          "fee": 500,
          "amount_in": "1000000000000000000",
          "spread_bps": 13,
          "gas_price_gwei": 0.02,
          "gas_cost_bps": 0,
          "net_pnl_bps": 13,
          "profitable": true,
          "executable": false
        }
      ],
      "paper_trades": [
        {
          "spread_id": "sushiswap_v3_uniswap_v3_500_1000000000000000000",
          "outcome": "BLOCKED_EXEC",
          "net_pnl_bps": 13,
          "expected_pnl_usdc": 4.0262,
          "recorded": true
        }
      ],
      "rpc_stats": {
        "https://arb-mainnet.g.alchemy.com/v2/6cDFdYb-lqxV1uwTAstRN": {
          "total_requests": 14,
          "success_rate": 1.0,
          "avg_latency_ms": 44,
          "last_error": null
        },
        "https://arbitrum.llamarpc.com": {
          "total_requests": 0,
          "success_rate": 0.0,
          "avg_latency_ms": 0,
          "last_error": null
        },
        "https://arb1.arbitrum.io/rpc": {
          "total_requests": 0,
          "success_rate": 0.0,
          "avg_latency_ms": 0,
          "last_error": null
        }
      },
      "quote_reject_reasons": {
        "QUOTE_GAS_TOO_HIGH": 3,
        "TICKS_CROSSED_TOO_MANY": 4
      },
      "status": "OK"
    }
  ]
}