{
  "timestamp": "2026-01-11T12:16:21.477758+00:00",
  "mode": "REGISTRY",
  "session_summary": {
    "session_start": "2026-01-11T12:16:19.953290+00:00",
    "session_end": "2026-01-11T12:16:21.477774+00:00",
    "duration_seconds": 1,
    "intent_file": "config\\intent.txt",
    "total_cycles": 1,
    "total_quotes_attempted": 21,
    "total_quotes_fetched": 21,
    "total_quotes_passed_gates": 14,
    "fetch_rate": 1.0,
    "gate_pass_rate": 0.6667,
    "quote_reject_histogram": {
      "QUOTE_GAS_TOO_HIGH": 1,
      "TICKS_CROSSED_TOO_MANY": 2,
      "QUOTE_INVALID_PARAMS": 5
    }
  },
  "cycle_summaries": [
    {
      "chain": "arbitrum_one",
      "chain_id": 42161,
      "mode": "REGISTRY",
      "cycle_start": "2026-01-11T12:16:19.976148+00:00",
      "cycle_end": "2026-01-11T12:16:21.477113+00:00",
      "duration_ms": 1500,
      "block_number": 420228526,
      "gas_price_gwei": 0.0203,
      "planned_pools": 14,
      "pools_scanned": 7,
      "dexes_passed_gate": [
        {
          "dex_key": "uniswap_v3",
          "quoter": "0x61fFE014bA17989E743c5F6cB21bF9697530B21e",
          "fee_tiers": [
            100,
            500,
            3000,
            10000
          ],
          "verified_for_execution": true
        },
        {
          "dex_key": "sushiswap_v3",
          "quoter": "0x0524E833cCD057e4d7A296e3aaAb9f7675964Ce1",
          "fee_tiers": [
            100,
            500,
            3000
          ],
          "verified_for_execution": true
        }
      ],
      "quotes_attempted": 21,
      "quotes_fetched": 21,
      "quotes_fetch_failed": 0,
      "quotes_rejected": 7,
      "quotes_passed_gates": 14,
      "fetch_rate": 1.0,
      "gate_pass_rate": 0.6667,
      "quotes": [
        {
          "dex": "uniswap_v3",
          "pair": "WETH/USDC",
          "pool_address": "computed",
          "token_in": "0x82aF49447D8a07e3bd95BD0d56f35241523fBab1",
          "token_out": "0xaf88d065e77c8cC2239327C5EDb3A432268e5831",
          "fee": 100,
          "quoter": "0x61fFE014bA17989E743c5F6cB21bF9697530B21e",
          "amount_in": "10000000000000000",
          "amount_out": "31034926",
          "implied_price": "3103.4926",
          "anchor_price": "3103.4926",
          "block_number": 420228526,
          "gas_estimate": 91220,
          "ticks_crossed": 0,
          "sqrt_price_x96_after": "4413911435521250486314747",
          "latency_ms": 49
        },
        {
          "dex": "uniswap_v3",
          "pair": "WETH/USDC",
          "pool_address": "computed",
          "token_in": "0x82aF49447D8a07e3bd95BD0d56f35241523fBab1",
          "token_out": "0xaf88d065e77c8cC2239327C5EDb3A432268e5831",
          "fee": 100,
          "quoter": "0x61fFE014bA17989E743c5F6cB21bF9697530B21e",
          "amount_in": "100000000000000000",
          "amount_out": "310310075",
          "implied_price": "3103.10075",
          "anchor_price": "3103.10075",
          "block_number": 420228526,
          "gas_estimate": 100891,
          "ticks_crossed": 0,
          "sqrt_price_x96_after": "4413354019124250978785666",
          "latency_ms": 44
        },
        {
          "dex": "uniswap_v3",
          "pair": "WETH/USDC",
          "pool_address": "computed",
          "token_in": "0x82aF49447D8a07e3bd95BD0d56f35241523fBab1",
          "token_out": "0xaf88d065e77c8cC2239327C5EDb3A432268e5831",
          "fee": 10000,
          "quoter": "0x61fFE014bA17989E743c5F6cB21bF9697530B21e",
          "amount_in": "10000000000000000",
          "amount_out": "30651223",
          "implied_price": "3065.1223",
          "anchor_price": "3065.1223",
          "block_number": 420228526,
          "gas_estimate": 100909,
          "ticks_crossed": 1,
          "sqrt_price_x96_after": "4408220226574937983674801",
          "latency_ms": 34
        },
        {
          "dex": "uniswap_v3",
          "pair": "WETH/USDC",
          "pool_address": "computed",
          "token_in": "0x82aF49447D8a07e3bd95BD0d56f35241523fBab1",
          "token_out": "0xaf88d065e77c8cC2239327C5EDb3A432268e5831",
          "fee": 10000,
          "quoter": "0x61fFE014bA17989E743c5F6cB21bF9697530B21e",
          "amount_in": "100000000000000000",
          "amount_out": "306225234",
          "implied_price": "3062.25234",
          "anchor_price": "3062.25234",
          "block_number": 420228526,
          "gas_estimate": 99883,
          "ticks_crossed": 1,
          "sqrt_price_x96_after": "4404092556904630749543140",
          "latency_ms": 48
        },
        {
          "dex": "uniswap_v3",
          "pair": "WETH/USDC",
          "pool_address": "computed",
          "token_in": "0x82aF49447D8a07e3bd95BD0d56f35241523fBab1",
          "token_out": "0xaf88d065e77c8cC2239327C5EDb3A432268e5831",
          "fee": 10000,
          "quoter": "0x61fFE014bA17989E743c5F6cB21bF9697530B21e",
          "amount_in": "1000000000000000000",
          "amount_out": "3019402444",
          "implied_price": "3019.402444",
          "anchor_price": "3019.402444",
          "block_number": 420228526,
          "gas_estimate": 154509,
          "ticks_crossed": 3,
          "sqrt_price_x96_after": "4333460177973308921546592",
          "latency_ms": 50
        },
        {
          "dex": "uniswap_v3",
          "pair": "WETH/USDC",
          "pool_address": "computed",
          "token_in": "0x82aF49447D8a07e3bd95BD0d56f35241523fBab1",
          "token_out": "0xaf88d065e77c8cC2239327C5EDb3A432268e5831",
          "fee": 3000,
          "quoter": "0x61fFE014bA17989E743c5F6cB21bF9697530B21e",
          "amount_in": "10000000000000000",
          "amount_out": "30876205",
          "implied_price": "3087.6205",
          "anchor_price": "3087.6205",
          "block_number": 420228526,
          "gas_estimate": 91276,
          "ticks_crossed": 1,
          "sqrt_price_x96_after": "4409038353141414222304410",
          "latency_ms": 48
        },
        {
          "dex": "uniswap_v3",
          "pair": "WETH/USDC",
          "pool_address": "computed",
          "token_in": "0x82aF49447D8a07e3bd95BD0d56f35241523fBab1",
          "token_out": "0xaf88d065e77c8cC2239327C5EDb3A432268e5831",
          "fee": 3000,
          "quoter": "0x61fFE014bA17989E743c5F6cB21bF9697530B21e",
          "amount_in": "100000000000000000",
          "amount_out": "308760880",
          "implied_price": "3087.6088",
          "anchor_price": "3087.6088",
          "block_number": 420228526,
          "gas_estimate": 91276,
          "ticks_crossed": 1,
          "sqrt_price_x96_after": "4409021526020249426844914",
          "latency_ms": 49
        },
        {
          "dex": "uniswap_v3",
          "pair": "WETH/USDC",
          "pool_address": "computed",
          "token_in": "0x82aF49447D8a07e3bd95BD0d56f35241523fBab1",
          "token_out": "0xaf88d065e77c8cC2239327C5EDb3A432268e5831",
          "fee": 3000,
          "quoter": "0x61fFE014bA17989E743c5F6cB21bF9697530B21e",
          "amount_in": "1000000000000000000",
          "amount_out": "3087490971",
          "implied_price": "3087.490971",
          "anchor_price": "3087.490971",
          "block_number": 420228526,
          "gas_estimate": 100943,
          "ticks_crossed": 1,
          "sqrt_price_x96_after": "4408853261872620782297099",
          "latency_ms": 35
        },
        {
          "dex": "uniswap_v3",
          "pair": "WETH/USDC",
          "pool_address": "computed",
          "token_in": "0x82aF49447D8a07e3bd95BD0d56f35241523fBab1",
          "token_out": "0xaf88d065e77c8cC2239327C5EDb3A432268e5831",
          "fee": 500,
          "quoter": "0x61fFE014bA17989E743c5F6cB21bF9697530B21e",
          "amount_in": "10000000000000000",
          "amount_out": "31027045",
          "implied_price": "3102.7045",
          "anchor_price": "3102.7045",
          "block_number": 420228526,
          "gas_estimate": 92216,
          "ticks_crossed": 1,
          "sqrt_price_x96_after": "4414264808968418554325673",
          "latency_ms": 31
        },
        {
          "dex": "uniswap_v3",
          "pair": "WETH/USDC",
          "pool_address": "computed",
          "token_in": "0x82aF49447D8a07e3bd95BD0d56f35241523fBab1",
          "token_out": "0xaf88d065e77c8cC2239327C5EDb3A432268e5831",
          "fee": 500,
          "quoter": "0x61fFE014bA17989E743c5F6cB21bF9697530B21e",
          "amount_in": "100000000000000000",
          "amount_out": "310270281",
          "implied_price": "3102.70281",
          "anchor_price": "3102.70281",
          "block_number": 420228526,
          "gas_estimate": 92216,
          "ticks_crossed": 1,
          "sqrt_price_x96_after": "4414262336593887485958664",
          "latency_ms": 47
        },
        {
          "dex": "uniswap_v3",
          "pair": "WETH/USDC",
          "pool_address": "computed",
          "token_in": "0x82aF49447D8a07e3bd95BD0d56f35241523fBab1",
          "token_out": "0xaf88d065e77c8cC2239327C5EDb3A432268e5831",
          "fee": 500,
          "quoter": "0x61fFE014bA17989E743c5F6cB21bF9697530B21e",
          "amount_in": "1000000000000000000",
          "amount_out": "3102685439",
          "implied_price": "3102.685439",
          "anchor_price": "3102.685439",
          "block_number": 420228526,
          "gas_estimate": 92216,
          "ticks_crossed": 1,
          "sqrt_price_x96_after": "4414237613000898016251392",
          "latency_ms": 34
        },
        {
          "dex": "sushiswap_v3",
          "pair": "WETH/USDC",
          "pool_address": "computed",
          "token_in": "0x82aF49447D8a07e3bd95BD0d56f35241523fBab1",
          "token_out": "0xaf88d065e77c8cC2239327C5EDb3A432268e5831",
          "fee": 500,
          "quoter": "0x0524E833cCD057e4d7A296e3aaAb9f7675964Ce1",
          "amount_in": "10000000000000000",
          "amount_out": "31025733",
          "implied_price": "3102.5733",
          "anchor_price": "3102.7045",
          "block_number": 420228526,
          "gas_estimate": 106143,
          "ticks_crossed": 1,
          "sqrt_price_x96_after": "4414139370185622998916636",
          "latency_ms": 34
        },
        {
          "dex": "sushiswap_v3",
          "pair": "WETH/USDC",
          "pool_address": "computed",
          "token_in": "0x82aF49447D8a07e3bd95BD0d56f35241523fBab1",
          "token_out": "0xaf88d065e77c8cC2239327C5EDb3A432268e5831",
          "fee": 500,
          "quoter": "0x0524E833cCD057e4d7A296e3aaAb9f7675964Ce1",
          "amount_in": "100000000000000000",
          "amount_out": "310216581",
          "implied_price": "3102.16581",
          "anchor_price": "3102.70281",
          "block_number": 420228526,
          "gas_estimate": 106157,
          "ticks_crossed": 1,
          "sqrt_price_x96_after": "4413559618191083496530783",
          "latency_ms": 35
        },
        {
          "dex": "sushiswap_v3",
          "pair": "WETH/USDC",
          "pool_address": "computed",
          "token_in": "0x82aF49447D8a07e3bd95BD0d56f35241523fBab1",
          "token_out": "0xaf88d065e77c8cC2239327C5EDb3A432268e5831",
          "fee": 500,
          "quoter": "0x0524E833cCD057e4d7A296e3aaAb9f7675964Ce1",
          "amount_in": "1000000000000000000",
          "amount_out": "3098097463",
          "implied_price": "3098.097463",
          "anchor_price": "3102.685439",
          "block_number": 420228526,
          "gas_estimate": 182956,
          "ticks_crossed": 4,
          "sqrt_price_x96_after": "4407774944536510335451923",
          "latency_ms": 38
        }
      ],
      "spreads": [
        {
          "id": "sushiswap_v3_uniswap_v3_500_100000000000000000",
          "buy_leg": {
            "dex": "sushiswap_v3",
            "price": "3102.16581",
            "amount_out": "310216581",
            "gas_estimate": 106157,
            "ticks_crossed": 1,
            "verified_for_execution": true
          },
          "sell_leg": {
            "dex": "uniswap_v3",
            "price": "3102.70281",
            "amount_out": "310270281",
            "gas_estimate": 92216,
            "ticks_crossed": 1,
            "verified_for_execution": true
          },
          "fee": 500,
          "amount_in": "100000000000000000",
          "spread_bps": 1,
          "gas_price_gwei": 0.0203,
          "gas_cost_bps": 0,
          "net_pnl_bps": 1,
          "profitable": true,
          "executable": true
        },
        {
          "id": "sushiswap_v3_uniswap_v3_500_1000000000000000000",
          "buy_leg": {
            "dex": "sushiswap_v3",
            "price": "3098.097463",
            "amount_out": "3098097463",
            "gas_estimate": 182956,
            "ticks_crossed": 4,
            "verified_for_execution": true
          },
          "sell_leg": {
            "dex": "uniswap_v3",
            "price": "3102.685439",
            "amount_out": "3102685439",
            "gas_estimate": 92216,
            "ticks_crossed": 1,
            "verified_for_execution": true
          },
          "fee": 500,
          "amount_in": "1000000000000000000",
          "spread_bps": 14,
          "gas_price_gwei": 0.0203,
          "gas_cost_bps": 0,
          "net_pnl_bps": 14,
          "profitable": true,
          "executable": true
        }
      ],
      "paper_trades": [
        {
          "spread_id": "sushiswap_v3_uniswap_v3_500_100000000000000000",
          "outcome": "WOULD_EXECUTE",
          "net_pnl_bps": 1,
          "expected_pnl_usdc": 0.031,
          "recorded": true
        },
        {
          "spread_id": "sushiswap_v3_uniswap_v3_500_1000000000000000000",
          "outcome": "WOULD_EXECUTE",
          "net_pnl_bps": 14,
          "expected_pnl_usdc": 4.3373,
          "recorded": true
        }
      ],
      "rpc_stats": {
        "https://arb-mainnet.g.alchemy.com/v2/6cDFdYb-lqxV1uwTAstRN": {
          "total_requests": 23,
          "success_rate": 1.0,
          "avg_latency_ms": 46,
          "last_error": null
        },
        "https://arbitrum.llamarpc.com": {
          "total_requests": 0,
          "success_rate": 0.0,
          "avg_latency_ms": 0,
          "last_error": null
        },
        "https://arb1.arbitrum.io/rpc": {
          "total_requests": 0,
          "success_rate": 0.0,
          "avg_latency_ms": 0,
          "last_error": null
        }
      },
      "reject_reasons_histogram": {
        "QUOTE_GAS_TOO_HIGH": 1,
        "TICKS_CROSSED_TOO_MANY": 2,
        "QUOTE_INVALID_PARAMS": 5
      },
      "total_reject_reasons": 8,
      "status": "OK"
    }
  ]
}