{
  "timestamp": "2026-01-11T17:33:26.818683+00:00",
  "mode": "REGISTRY",
  "session_summary": {
    "session_start": "2026-01-11T17:33:25.288579+00:00",
    "session_end": "2026-01-11T17:33:26.818693+00:00",
    "duration_seconds": 1,
    "intent_file": "config\\intent.txt",
    "total_cycles": 1,
    "total_quotes_attempted": 21,
    "total_quotes_fetched": 21,
    "total_quotes_passed_gates": 14,
    "fetch_rate": 1.0,
    "gate_pass_rate": 0.6667,
    "quote_reject_histogram": {
      "QUOTE_GAS_TOO_HIGH": 2,
      "TICKS_CROSSED_TOO_MANY": 2,
      "QUOTE_INVALID_PARAMS": 5
    }
  },
  "cycle_summaries": [
    {
      "chain": "arbitrum_one",
      "chain_id": 42161,
      "mode": "REGISTRY",
      "cycle_start": "2026-01-11T17:33:25.310585+00:00",
      "cycle_end": "2026-01-11T17:33:26.818184+00:00",
      "duration_ms": 1507,
      "block_number": 420304673,
      "gas_price_gwei": 0.0201,
      "planned_pools": 42,
      "pools_scanned": 7,
      "dexes_passed_gate": [
        {
          "dex_key": "uniswap_v3",
          "quoter": "0x61fFE014bA17989E743c5F6cB21bF9697530B21e",
          "fee_tiers": [
            100,
            500,
            3000,
            10000
          ],
          "verified_for_execution": true
        },
        {
          "dex_key": "sushiswap_v3",
          "quoter": "0x0524E833cCD057e4d7A296e3aaAb9f7675964Ce1",
          "fee_tiers": [
            100,
            500,
            3000
          ],
          "verified_for_execution": true
        }
      ],
      "quotes_attempted": 21,
      "quotes_fetched": 21,
      "quotes_fetch_failed": 0,
      "quotes_rejected": 7,
      "quotes_passed_gates": 14,
      "fetch_rate": 1.0,
      "gate_pass_rate": 0.6667,
      "quotes": [
        {
          "dex": "uniswap_v3",
          "pair": "WETH/USDC",
          "pool_address": "computed",
          "token_in": "0x82aF49447D8a07e3bd95BD0d56f35241523fBab1",
          "token_out": "0xaf88d065e77c8cC2239327C5EDb3A432268e5831",
          "fee": 100,
          "quoter": "0x61fFE014bA17989E743c5F6cB21bF9697530B21e",
          "amount_in": "10000000000000000",
          "amount_out": "31271803",
          "implied_price": "3127.1803",
          "anchor_price": "3127.1803",
          "block_number": 420304673,
          "gas_estimate": 92202,
          "ticks_crossed": 0,
          "sqrt_price_x96_after": "4430726066040906384831389",
          "latency_ms": 33
        },
        {
          "dex": "uniswap_v3",
          "pair": "WETH/USDC",
          "pool_address": "computed",
          "token_in": "0x82aF49447D8a07e3bd95BD0d56f35241523fBab1",
          "token_out": "0xaf88d065e77c8cC2239327C5EDb3A432268e5831",
          "fee": 100,
          "quoter": "0x61fFE014bA17989E743c5F6cB21bF9697530B21e",
          "amount_in": "100000000000000000",
          "amount_out": "312680890",
          "implied_price": "3126.8089",
          "anchor_price": "3126.8089",
          "block_number": 420304673,
          "gas_estimate": 100861,
          "ticks_crossed": 0,
          "sqrt_price_x96_after": "4430199723666084537912288",
          "latency_ms": 44
        },
        {
          "dex": "uniswap_v3",
          "pair": "WETH/USDC",
          "pool_address": "computed",
          "token_in": "0x82aF49447D8a07e3bd95BD0d56f35241523fBab1",
          "token_out": "0xaf88d065e77c8cC2239327C5EDb3A432268e5831",
          "fee": 10000,
          "quoter": "0x61fFE014bA17989E743c5F6cB21bF9697530B21e",
          "amount_in": "10000000000000000",
          "amount_out": "30799033",
          "implied_price": "3079.9033",
          "anchor_price": "3079.9033",
          "block_number": 420304673,
          "gas_estimate": 100909,
          "ticks_crossed": 1,
          "sqrt_price_x96_after": "4418835772275867396949769",
          "latency_ms": 39
        },
        {
          "dex": "uniswap_v3",
          "pair": "WETH/USDC",
          "pool_address": "computed",
          "token_in": "0x82aF49447D8a07e3bd95BD0d56f35241523fBab1",
          "token_out": "0xaf88d065e77c8cC2239327C5EDb3A432268e5831",
          "fee": 10000,
          "quoter": "0x61fFE014bA17989E743c5F6cB21bF9697530B21e",
          "amount_in": "100000000000000000",
          "amount_out": "307701251",
          "implied_price": "3077.01251",
          "anchor_price": "3077.01251",
          "block_number": 420304673,
          "gas_estimate": 100855,
          "ticks_crossed": 1,
          "sqrt_price_x96_after": "4414688207695028710653799",
          "latency_ms": 66
        },
        {
          "dex": "uniswap_v3",
          "pair": "WETH/USDC",
          "pool_address": "computed",
          "token_in": "0x82aF49447D8a07e3bd95BD0d56f35241523fBab1",
          "token_out": "0xaf88d065e77c8cC2239327C5EDb3A432268e5831",
          "fee": 10000,
          "quoter": "0x61fFE014bA17989E743c5F6cB21bF9697530B21e",
          "amount_in": "1000000000000000000",
          "amount_out": "3041803141",
          "implied_price": "3041.803141",
          "anchor_price": "3041.803141",
          "block_number": 420304673,
          "gas_estimate": 130841,
          "ticks_crossed": 2,
          "sqrt_price_x96_after": "4353853618154628669414077",
          "latency_ms": 54
        },
        {
          "dex": "uniswap_v3",
          "pair": "WETH/USDC",
          "pool_address": "computed",
          "token_in": "0x82aF49447D8a07e3bd95BD0d56f35241523fBab1",
          "token_out": "0xaf88d065e77c8cC2239327C5EDb3A432268e5831",
          "fee": 3000,
          "quoter": "0x61fFE014bA17989E743c5F6cB21bF9697530B21e",
          "amount_in": "10000000000000000",
          "amount_out": "31231189",
          "implied_price": "3123.1189",
          "anchor_price": "3123.1189",
          "block_number": 420304673,
          "gas_estimate": 92160,
          "ticks_crossed": 1,
          "sqrt_price_x96_after": "4434311299817108232014484",
          "latency_ms": 44
        },
        {
          "dex": "uniswap_v3",
          "pair": "WETH/USDC",
          "pool_address": "computed",
          "token_in": "0x82aF49447D8a07e3bd95BD0d56f35241523fBab1",
          "token_out": "0xaf88d065e77c8cC2239327C5EDb3A432268e5831",
          "fee": 3000,
          "quoter": "0x61fFE014bA17989E743c5F6cB21bF9697530B21e",
          "amount_in": "100000000000000000",
          "amount_out": "312310772",
          "implied_price": "3123.10772",
          "anchor_price": "3123.10772",
          "block_number": 420304673,
          "gas_estimate": 92160,
          "ticks_crossed": 1,
          "sqrt_price_x96_after": "4434295416212880036663888",
          "latency_ms": 36
        },
        {
          "dex": "uniswap_v3",
          "pair": "WETH/USDC",
          "pool_address": "computed",
          "token_in": "0x82aF49447D8a07e3bd95BD0d56f35241523fBab1",
          "token_out": "0xaf88d065e77c8cC2239327C5EDb3A432268e5831",
          "fee": 3000,
          "quoter": "0x61fFE014bA17989E743c5F6cB21bF9697530B21e",
          "amount_in": "1000000000000000000",
          "amount_out": "3122995862",
          "implied_price": "3122.995862",
          "anchor_price": "3122.995862",
          "block_number": 420304673,
          "gas_estimate": 92134,
          "ticks_crossed": 1,
          "sqrt_price_x96_after": "4434136586428792706267214",
          "latency_ms": 48
        },
        {
          "dex": "uniswap_v3",
          "pair": "WETH/USDC",
          "pool_address": "computed",
          "token_in": "0x82aF49447D8a07e3bd95BD0d56f35241523fBab1",
          "token_out": "0xaf88d065e77c8cC2239327C5EDb3A432268e5831",
          "fee": 500,
          "quoter": "0x61fFE014bA17989E743c5F6cB21bF9697530B21e",
          "amount_in": "10000000000000000",
          "amount_out": "31257758",
          "implied_price": "3125.7758",
          "anchor_price": "3125.7758",
          "block_number": 420304673,
          "gas_estimate": 92241,
          "ticks_crossed": 1,
          "sqrt_price_x96_after": "4430646339827133030714037",
          "latency_ms": 49
        },
        {
          "dex": "uniswap_v3",
          "pair": "WETH/USDC",
          "pool_address": "computed",
          "token_in": "0x82aF49447D8a07e3bd95BD0d56f35241523fBab1",
          "token_out": "0xaf88d065e77c8cC2239327C5EDb3A432268e5831",
          "fee": 500,
          "quoter": "0x61fFE014bA17989E743c5F6cB21bF9697530B21e",
          "amount_in": "100000000000000000",
          "amount_out": "312577407",
          "implied_price": "3125.77407",
          "anchor_price": "3125.77407",
          "block_number": 420304673,
          "gas_estimate": 92241,
          "ticks_crossed": 1,
          "sqrt_price_x96_after": "4430643854537428797686044",
          "latency_ms": 41
        },
        {
          "dex": "uniswap_v3",
          "pair": "WETH/USDC",
          "pool_address": "computed",
          "token_in": "0x82aF49447D8a07e3bd95BD0d56f35241523fBab1",
          "token_out": "0xaf88d065e77c8cC2239327C5EDb3A432268e5831",
          "fee": 500,
          "quoter": "0x61fFE014bA17989E743c5F6cB21bF9697530B21e",
          "amount_in": "1000000000000000000",
          "amount_out": "3125756545",
          "implied_price": "3125.756545",
          "anchor_price": "3125.756545",
          "block_number": 420304673,
          "gas_estimate": 92241,
          "ticks_crossed": 1,
          "sqrt_price_x96_after": "4430619001793734145665807",
          "latency_ms": 46
        },
        {
          "dex": "sushiswap_v3",
          "pair": "WETH/USDC",
          "pool_address": "computed",
          "token_in": "0x82aF49447D8a07e3bd95BD0d56f35241523fBab1",
          "token_out": "0xaf88d065e77c8cC2239327C5EDb3A432268e5831",
          "fee": 500,
          "quoter": "0x0524E833cCD057e4d7A296e3aaAb9f7675964Ce1",
          "amount_in": "10000000000000000",
          "amount_out": "31254111",
          "implied_price": "3125.4111",
          "anchor_price": "3125.7758",
          "block_number": 420304673,
          "gas_estimate": 97485,
          "ticks_crossed": 1,
          "sqrt_price_x96_after": "4430355552190014682163378",
          "latency_ms": 37
        },
        {
          "dex": "sushiswap_v3",
          "pair": "WETH/USDC",
          "pool_address": "computed",
          "token_in": "0x82aF49447D8a07e3bd95BD0d56f35241523fBab1",
          "token_out": "0xaf88d065e77c8cC2239327C5EDb3A432268e5831",
          "fee": 500,
          "quoter": "0x0524E833cCD057e4d7A296e3aaAb9f7675964Ce1",
          "amount_in": "100000000000000000",
          "amount_out": "312499873",
          "implied_price": "3124.99873",
          "anchor_price": "3125.77407",
          "block_number": 420304673,
          "gas_estimate": 106140,
          "ticks_crossed": 1,
          "sqrt_price_x96_after": "4429770893118287077820027",
          "latency_ms": 48
        },
        {
          "dex": "sushiswap_v3",
          "pair": "WETH/USDC",
          "pool_address": "computed",
          "token_in": "0x82aF49447D8a07e3bd95BD0d56f35241523fBab1",
          "token_out": "0xaf88d065e77c8cC2239327C5EDb3A432268e5831",
          "fee": 500,
          "quoter": "0x0524E833cCD057e4d7A296e3aaAb9f7675964Ce1",
          "amount_in": "1000000000000000000",
          "amount_out": "3120880250",
          "implied_price": "3120.88025",
          "anchor_price": "3125.756545",
          "block_number": 420304673,
          "gas_estimate": 183986,
          "ticks_crossed": 4,
          "sqrt_price_x96_after": "4423932902600396262515242",
          "latency_ms": 36
        }
      ],
      "spreads": [
        {
          "id": "sushiswap_v3_uniswap_v3_500_10000000000000000",
          "pair": "WETH/USDC",
          "token_in_symbol": "WETH",
          "token_out_symbol": "USDC",
          "buy_leg": {
            "dex": "sushiswap_v3",
            "price": "3125.4111",
            "amount_out": "31254111",
            "gas_estimate": 97485,
            "ticks_crossed": 1,
            "verified_for_execution": true
          },
          "sell_leg": {
            "dex": "uniswap_v3",
            "price": "3125.7758",
            "amount_out": "31257758",
            "gas_estimate": 92241,
            "ticks_crossed": 1,
            "verified_for_execution": true
          },
          "fee": 500,
          "amount_in": "10000000000000000",
          "spread_bps": 1,
          "gas_price_gwei": 0.0201,
          "gas_cost_bps": 3,
          "net_pnl_bps": -2,
          "profitable": false,
          "executable": true
        },
        {
          "id": "sushiswap_v3_uniswap_v3_500_100000000000000000",
          "pair": "WETH/USDC",
          "token_in_symbol": "WETH",
          "token_out_symbol": "USDC",
          "buy_leg": {
            "dex": "sushiswap_v3",
            "price": "3124.99873",
            "amount_out": "312499873",
            "gas_estimate": 106140,
            "ticks_crossed": 1,
            "verified_for_execution": true
          },
          "sell_leg": {
            "dex": "uniswap_v3",
            "price": "3125.77407",
            "amount_out": "312577407",
            "gas_estimate": 92241,
            "ticks_crossed": 1,
            "verified_for_execution": true
          },
          "fee": 500,
          "amount_in": "100000000000000000",
          "spread_bps": 2,
          "gas_price_gwei": 0.0201,
          "gas_cost_bps": 0,
          "net_pnl_bps": 2,
          "profitable": true,
          "executable": true
        },
        {
          "id": "sushiswap_v3_uniswap_v3_500_1000000000000000000",
          "pair": "WETH/USDC",
          "token_in_symbol": "WETH",
          "token_out_symbol": "USDC",
          "buy_leg": {
            "dex": "sushiswap_v3",
            "price": "3120.88025",
            "amount_out": "3120880250",
            "gas_estimate": 183986,
            "ticks_crossed": 4,
            "verified_for_execution": true
          },
          "sell_leg": {
            "dex": "uniswap_v3",
            "price": "3125.756545",
            "amount_out": "3125756545",
            "gas_estimate": 92241,
            "ticks_crossed": 1,
            "verified_for_execution": true
          },
          "fee": 500,
          "amount_in": "1000000000000000000",
          "spread_bps": 15,
          "gas_price_gwei": 0.0201,
          "gas_cost_bps": 0,
          "net_pnl_bps": 15,
          "profitable": true,
          "executable": true
        }
      ],
      "paper_trades": [
        {
          "spread_id": "sushiswap_v3_uniswap_v3_500_10000000000000000",
          "outcome": "UNPROFITABLE",
          "net_pnl_bps": -2,
          "expected_pnl_usdc": -0.0063,
          "recorded": true
        },
        {
          "spread_id": "sushiswap_v3_uniswap_v3_500_100000000000000000",
          "outcome": "WOULD_EXECUTE",
          "net_pnl_bps": 2,
          "expected_pnl_usdc": 0.0625,
          "recorded": true
        },
        {
          "spread_id": "sushiswap_v3_uniswap_v3_500_1000000000000000000",
          "outcome": "WOULD_EXECUTE",
          "net_pnl_bps": 15,
          "expected_pnl_usdc": 4.6813,
          "recorded": true
        }
      ],
      "rpc_stats": {
        "https://arb-mainnet.g.alchemy.com/v2/6cDFdYb-lqxV1uwTAstRN": {
          "total_requests": 23,
          "success_rate": 1.0,
          "avg_latency_ms": 47,
          "last_error": null
        },
        "https://arbitrum.llamarpc.com": {
          "total_requests": 0,
          "success_rate": 0.0,
          "avg_latency_ms": 0,
          "last_error": null
        },
        "https://arb1.arbitrum.io/rpc": {
          "total_requests": 0,
          "success_rate": 0.0,
          "avg_latency_ms": 0,
          "last_error": null
        }
      },
      "reject_reasons_histogram": {
        "QUOTE_GAS_TOO_HIGH": 2,
        "TICKS_CROSSED_TOO_MANY": 2,
        "QUOTE_INVALID_PARAMS": 5
      },
      "total_reject_reasons": 9,
      "status": "OK"
    }
  ]
}