{
  "timestamp": "2026-01-11T10:27:14.980399+00:00",
  "harness": "SMOKE_WETH_USDC",
  "session_summary": {
    "session_start": "2026-01-11T10:27:13.717803+00:00",
    "session_end": "2026-01-11T10:27:14.980418+00:00",
    "duration_seconds": 1,
    "intent_file": "config\\intent.txt",
    "total_cycles": 1,
    "total_quotes_attempted": 12,
    "total_quotes_fetched": 12,
    "total_quotes_passed_gates": 8,
    "fetch_rate": 1.0,
    "gate_pass_rate": 0.6667,
    "quote_reject_histogram": {
      "QUOTE_GAS_TOO_HIGH": 3,
      "TICKS_CROSSED_TOO_MANY": 4
    }
  },
  "cycle_summaries": [
    {
      "chain": "arbitrum_one",
      "chain_id": 42161,
      "cycle_start": "2026-01-11T10:27:13.719063+00:00",
      "cycle_end": "2026-01-11T10:27:14.979674+00:00",
      "duration_ms": 1260,
      "block_number": 420202346,
      "gas_price_gwei": 0.02,
      "planned_pools": 4,
      "pools_scanned": 4,
      "dexes_passed_gate": [
        {
          "dex_key": "uniswap_v3",
          "quoter": "0x61fFE014bA17989E743c5F6cB21bF9697530B21e",
          "fee_tiers": [
            100,
            500,
            3000,
            10000
          ],
          "verified_for_execution": true
        },
        {
          "dex_key": "sushiswap_v3",
          "quoter": "0x0524E833cCD057e4d7A296e3aaAb9f7675964Ce1",
          "fee_tiers": [
            100,
            500,
            3000,
            10000
          ],
          "verified_for_execution": false
        }
      ],
      "quotes_attempted": 12,
      "quotes_fetched": 12,
      "quotes_passed_gates": 8,
      "fetch_rate": 1.0,
      "gate_pass_rate": 0.6667,
      "quotes": [
        {
          "dex": "uniswap_v3",
          "pair": "WETH/USDC",
          "fee": 100,
          "amount_in": "10000000000000000",
          "amount_out": "31016244",
          "implied_price": "3101.6244",
          "block_number": 420202346,
          "gas_estimate": 91224,
          "ticks_crossed": 1,
          "sqrt_price_x96_after": "4412582724290554149967820",
          "latency_ms": 46
        },
        {
          "dex": "uniswap_v3",
          "pair": "WETH/USDC",
          "fee": 100,
          "amount_in": "100000000000000000",
          "amount_out": "310123288",
          "implied_price": "3101.23288",
          "block_number": 420202346,
          "gas_estimate": 130843,
          "ticks_crossed": 1,
          "sqrt_price_x96_after": "4412025630965264105951303",
          "latency_ms": 48
        },
        {
          "dex": "uniswap_v3",
          "pair": "WETH/USDC",
          "fee": 500,
          "amount_in": "10000000000000000",
          "amount_out": "31010289",
          "implied_price": "3101.0289",
          "block_number": 420202346,
          "gas_estimate": 92279,
          "ticks_crossed": 1,
          "sqrt_price_x96_after": "4413072703655699462492727",
          "latency_ms": 40
        },
        {
          "dex": "uniswap_v3",
          "pair": "WETH/USDC",
          "fee": 500,
          "amount_in": "100000000000000000",
          "amount_out": "310102722",
          "implied_price": "3101.02722",
          "block_number": 420202346,
          "gas_estimate": 92279,
          "ticks_crossed": 1,
          "sqrt_price_x96_after": "4413070235092311523530518",
          "latency_ms": 35
        },
        {
          "dex": "uniswap_v3",
          "pair": "WETH/USDC",
          "fee": 500,
          "amount_in": "1000000000000000000",
          "amount_out": "3101009883",
          "implied_price": "3101.009883",
          "block_number": 420202346,
          "gas_estimate": 92279,
          "ticks_crossed": 1,
          "sqrt_price_x96_after": "4413045549610325127173619",
          "latency_ms": 49
        },
        {
          "dex": "sushiswap_v3",
          "pair": "WETH/USDC",
          "fee": 500,
          "amount_in": "10000000000000000",
          "amount_out": "31014844",
          "implied_price": "3101.4844",
          "block_number": 420202346,
          "gas_estimate": 97470,
          "ticks_crossed": 1,
          "sqrt_price_x96_after": "4413364754345015800899579",
          "latency_ms": 53
        },
        {
          "dex": "sushiswap_v3",
          "pair": "WETH/USDC",
          "fee": 500,
          "amount_in": "100000000000000000",
          "amount_out": "310107720",
          "implied_price": "3101.0772",
          "block_number": 420202346,
          "gas_estimate": 136270,
          "ticks_crossed": 2,
          "sqrt_price_x96_after": "4412785205794978633976779",
          "latency_ms": 67
        },
        {
          "dex": "sushiswap_v3",
          "pair": "WETH/USDC",
          "fee": 500,
          "amount_in": "1000000000000000000",
          "amount_out": "3097012022",
          "implied_price": "3097.012022",
          "block_number": 420202346,
          "gas_estimate": 183972,
          "ticks_crossed": 4,
          "sqrt_price_x96_after": "4407005771391757438569916",
          "latency_ms": 37
        }
      ],
      "spreads": [
        {
          "id": "uniswap_v3_sushiswap_v3_500_10000000000000000",
          "buy_leg": {
            "dex": "uniswap_v3",
            "price": "3101.0289",
            "amount_out": "31010289",
            "gas_estimate": 92279,
            "ticks_crossed": 1,
            "verified_for_execution": true
          },
          "sell_leg": {
            "dex": "sushiswap_v3",
            "price": "3101.4844",
            "amount_out": "31014844",
            "gas_estimate": 97470,
            "ticks_crossed": 1,
            "verified_for_execution": false
          },
          "fee": 500,
          "amount_in": "10000000000000000",
          "spread_bps": 1,
          "gas_price_gwei": 0.02,
          "gas_cost_bps": 3,
          "net_pnl_bps": -2,
          "profitable": false,
          "executable": false
        },
        {
          "id": "sushiswap_v3_uniswap_v3_500_1000000000000000000",
          "buy_leg": {
            "dex": "sushiswap_v3",
            "price": "3097.012022",
            "amount_out": "3097012022",
            "gas_estimate": 183972,
            "ticks_crossed": 4,
            "verified_for_execution": false
          },
          "sell_leg": {
            "dex": "uniswap_v3",
            "price": "3101.009883",
            "amount_out": "3101009883",
            "gas_estimate": 92279,
            "ticks_crossed": 1,
            "verified_for_execution": true
          },
          "fee": 500,
          "amount_in": "1000000000000000000",
          "spread_bps": 12,
          "gas_price_gwei": 0.02,
          "gas_cost_bps": 0,
          "net_pnl_bps": 12,
          "profitable": true,
          "executable": false
        }
      ],
      "paper_trades": [
        {
          "spread_id": "sushiswap_v3_uniswap_v3_500_1000000000000000000",
          "action": "BLOCKED_BY_EXECUTION_GATE",
          "block_number": 420202346,
          "timestamp": "2026-01-11T10:27:14.978368+00:00",
          "buy_dex": "sushiswap_v3",
          "sell_dex": "uniswap_v3",
          "amount_in": "1000000000000000000",
          "expected_pnl_bps": 12,
          "blocked_reason": {
            "buy_verified": false,
            "sell_verified": true
          }
        }
      ],
      "quote_reject_reasons": {
        "QUOTE_GAS_TOO_HIGH": 3,
        "TICKS_CROSSED_TOO_MANY": 4
      },
      "status": "OK"
    }
  ]
}