{
  "timestamp": "2026-01-11T11:42:51.121774+00:00",
  "mode": "REGISTRY",
  "session_summary": {
    "session_start": "2026-01-11T11:42:49.344809+00:00",
    "session_end": "2026-01-11T11:42:51.121791+00:00",
    "duration_seconds": 1,
    "intent_file": "config\\intent.txt",
    "total_cycles": 1,
    "total_quotes_attempted": 24,
    "total_quotes_fetched": 24,
    "total_quotes_passed_gates": 14,
    "fetch_rate": 1.0,
    "gate_pass_rate": 0.5833,
    "quote_reject_histogram": {}
  },
  "cycle_summaries": [
    {
      "chain": "arbitrum_one",
      "chain_id": 42161,
      "mode": "REGISTRY",
      "cycle_start": "2026-01-11T11:42:49.373321+00:00",
      "cycle_end": "2026-01-11T11:42:51.121133+00:00",
      "duration_ms": 1747,
      "block_number": 420220484,
      "gas_price_gwei": 0.02,
      "planned_pools": 16,
      "pools_scanned": 8,
      "dexes_passed_gate": [
        {
          "dex_key": "uniswap_v3",
          "quoter": "0x61fFE014bA17989E743c5F6cB21bF9697530B21e",
          "fee_tiers": [
            100,
            500,
            3000,
            10000
          ],
          "verified_for_execution": true
        },
        {
          "dex_key": "sushiswap_v3",
          "quoter": "0x0524E833cCD057e4d7A296e3aaAb9f7675964Ce1",
          "fee_tiers": [
            100,
            500,
            3000,
            10000
          ],
          "verified_for_execution": false
        }
      ],
      "quotes_attempted": 24,
      "quotes_fetched": 24,
      "quotes_fetch_failed": 0,
      "quotes_rejected": 2,
      "quotes_passed_gates": 14,
      "fetch_rate": 1.0,
      "gate_pass_rate": 0.5833,
      "quotes": [
        {
          "dex": "uniswap_v3",
          "pair": "WETH/USDC",
          "pool_address": "computed",
          "token_in": "0x82aF49447D8a07e3bd95BD0d56f35241523fBab1",
          "token_out": "0xaf88d065e77c8cC2239327C5EDb3A432268e5831",
          "fee": 100,
          "quoter": "0x61fFE014bA17989E743c5F6cB21bF9697530B21e",
          "amount_in": "10000000000000000",
          "amount_out": "31030800",
          "implied_price": "3103.08",
          "anchor_price": "3103.08",
          "block_number": 420220484,
          "gas_estimate": 92216,
          "ticks_crossed": 0,
          "sqrt_price_x96_after": "4413617996318179926429665",
          "latency_ms": 46
        },
        {
          "dex": "uniswap_v3",
          "pair": "WETH/USDC",
          "pool_address": "computed",
          "token_in": "0x82aF49447D8a07e3bd95BD0d56f35241523fBab1",
          "token_out": "0xaf88d065e77c8cC2239327C5EDb3A432268e5831",
          "fee": 100,
          "quoter": "0x61fFE014bA17989E743c5F6cB21bF9697530B21e",
          "amount_in": "100000000000000000",
          "amount_out": "310268818",
          "implied_price": "3102.68818",
          "anchor_price": "3102.68818",
          "block_number": 420220484,
          "gas_estimate": 130816,
          "ticks_crossed": 1,
          "sqrt_price_x96_after": "4413060654043675406743905",
          "latency_ms": 42
        },
        {
          "dex": "uniswap_v3",
          "pair": "WETH/USDC",
          "pool_address": "computed",
          "token_in": "0x82aF49447D8a07e3bd95BD0d56f35241523fBab1",
          "token_out": "0xaf88d065e77c8cC2239327C5EDb3A432268e5831",
          "fee": 10000,
          "quoter": "0x61fFE014bA17989E743c5F6cB21bF9697530B21e",
          "amount_in": "10000000000000000",
          "amount_out": "30651223",
          "implied_price": "3065.1223",
          "anchor_price": "3065.1223",
          "block_number": 420220484,
          "gas_estimate": 100909,
          "ticks_crossed": 1,
          "sqrt_price_x96_after": "4408220226574937983674801",
          "latency_ms": 51
        },
        {
          "dex": "uniswap_v3",
          "pair": "WETH/USDC",
          "pool_address": "computed",
          "token_in": "0x82aF49447D8a07e3bd95BD0d56f35241523fBab1",
          "token_out": "0xaf88d065e77c8cC2239327C5EDb3A432268e5831",
          "fee": 10000,
          "quoter": "0x61fFE014bA17989E743c5F6cB21bF9697530B21e",
          "amount_in": "100000000000000000",
          "amount_out": "306225234",
          "implied_price": "3062.25234",
          "anchor_price": "3062.25234",
          "block_number": 420220484,
          "gas_estimate": 99883,
          "ticks_crossed": 1,
          "sqrt_price_x96_after": "4404092556904630749543140",
          "latency_ms": 47
        },
        {
          "dex": "uniswap_v3",
          "pair": "WETH/USDC",
          "pool_address": "computed",
          "token_in": "0x82aF49447D8a07e3bd95BD0d56f35241523fBab1",
          "token_out": "0xaf88d065e77c8cC2239327C5EDb3A432268e5831",
          "fee": 10000,
          "quoter": "0x61fFE014bA17989E743c5F6cB21bF9697530B21e",
          "amount_in": "1000000000000000000",
          "amount_out": "3019402444",
          "implied_price": "3019.402444",
          "anchor_price": "3019.402444",
          "block_number": 420220484,
          "gas_estimate": 154509,
          "ticks_crossed": 3,
          "sqrt_price_x96_after": "4333460177973308921546592",
          "latency_ms": 77
        },
        {
          "dex": "uniswap_v3",
          "pair": "WETH/USDC",
          "pool_address": "computed",
          "token_in": "0x82aF49447D8a07e3bd95BD0d56f35241523fBab1",
          "token_out": "0xaf88d065e77c8cC2239327C5EDb3A432268e5831",
          "fee": 3000,
          "quoter": "0x61fFE014bA17989E743c5F6cB21bF9697530B21e",
          "amount_in": "10000000000000000",
          "amount_out": "30876205",
          "implied_price": "3087.6205",
          "anchor_price": "3087.6205",
          "block_number": 420220484,
          "gas_estimate": 91276,
          "ticks_crossed": 1,
          "sqrt_price_x96_after": "4409038353146335151045439",
          "latency_ms": 36
        },
        {
          "dex": "uniswap_v3",
          "pair": "WETH/USDC",
          "pool_address": "computed",
          "token_in": "0x82aF49447D8a07e3bd95BD0d56f35241523fBab1",
          "token_out": "0xaf88d065e77c8cC2239327C5EDb3A432268e5831",
          "fee": 3000,
          "quoter": "0x61fFE014bA17989E743c5F6cB21bF9697530B21e",
          "amount_in": "100000000000000000",
          "amount_out": "308760880",
          "implied_price": "3087.6088",
          "anchor_price": "3087.6088",
          "block_number": 420220484,
          "gas_estimate": 91276,
          "ticks_crossed": 1,
          "sqrt_price_x96_after": "4409021526069458338641345",
          "latency_ms": 53
        },
        {
          "dex": "uniswap_v3",
          "pair": "WETH/USDC",
          "pool_address": "computed",
          "token_in": "0x82aF49447D8a07e3bd95BD0d56f35241523fBab1",
          "token_out": "0xaf88d065e77c8cC2239327C5EDb3A432268e5831",
          "fee": 3000,
          "quoter": "0x61fFE014bA17989E743c5F6cB21bF9697530B21e",
          "amount_in": "1000000000000000000",
          "amount_out": "3087490971",
          "implied_price": "3087.490971",
          "anchor_price": "3087.490971",
          "block_number": 420220484,
          "gas_estimate": 100943,
          "ticks_crossed": 1,
          "sqrt_price_x96_after": "4408853262364672341239951",
          "latency_ms": 45
        },
        {
          "dex": "uniswap_v3",
          "pair": "WETH/USDC",
          "pool_address": "computed",
          "token_in": "0x82aF49447D8a07e3bd95BD0d56f35241523fBab1",
          "token_out": "0xaf88d065e77c8cC2239327C5EDb3A432268e5831",
          "fee": 500,
          "quoter": "0x61fFE014bA17989E743c5F6cB21bF9697530B21e",
          "amount_in": "10000000000000000",
          "amount_out": "31007666",
          "implied_price": "3100.7666",
          "anchor_price": "3100.7666",
          "block_number": 420220484,
          "gas_estimate": 92253,
          "ticks_crossed": 1,
          "sqrt_price_x96_after": "4412886051470015355444097",
          "latency_ms": 36
        },
        {
          "dex": "uniswap_v3",
          "pair": "WETH/USDC",
          "pool_address": "computed",
          "token_in": "0x82aF49447D8a07e3bd95BD0d56f35241523fBab1",
          "token_out": "0xaf88d065e77c8cC2239327C5EDb3A432268e5831",
          "fee": 500,
          "quoter": "0x61fFE014bA17989E743c5F6cB21bF9697530B21e",
          "amount_in": "100000000000000000",
          "amount_out": "310076492",
          "implied_price": "3100.76492",
          "anchor_price": "3100.76492",
          "block_number": 420220484,
          "gas_estimate": 92253,
          "ticks_crossed": 1,
          "sqrt_price_x96_after": "4412883592739052301035319",
          "latency_ms": 54
        },
        {
          "dex": "uniswap_v3",
          "pair": "WETH/USDC",
          "pool_address": "computed",
          "token_in": "0x82aF49447D8a07e3bd95BD0d56f35241523fBab1",
          "token_out": "0xaf88d065e77c8cC2239327C5EDb3A432268e5831",
          "fee": 500,
          "quoter": "0x61fFE014bA17989E743c5F6cB21bF9697530B21e",
          "amount_in": "1000000000000000000",
          "amount_out": "3100747646",
          "implied_price": "3100.747646",
          "anchor_price": "3100.747646",
          "block_number": 420220484,
          "gas_estimate": 100934,
          "ticks_crossed": 1,
          "sqrt_price_x96_after": "4412859005580113540395701",
          "latency_ms": 31
        },
        {
          "dex": "sushiswap_v3",
          "pair": "WETH/USDC",
          "pool_address": "computed",
          "token_in": "0x82aF49447D8a07e3bd95BD0d56f35241523fBab1",
          "token_out": "0xaf88d065e77c8cC2239327C5EDb3A432268e5831",
          "fee": 500,
          "quoter": "0x0524E833cCD057e4d7A296e3aaAb9f7675964Ce1",
          "amount_in": "10000000000000000",
          "amount_out": "31008627",
          "implied_price": "3100.8627",
          "anchor_price": "3100.7666",
          "block_number": 420220484,
          "gas_estimate": 97493,
          "ticks_crossed": 1,
          "sqrt_price_x96_after": "4412922356715282343523123",
          "latency_ms": 36
        },
        {
          "dex": "sushiswap_v3",
          "pair": "WETH/USDC",
          "pool_address": "computed",
          "token_in": "0x82aF49447D8a07e3bd95BD0d56f35241523fBab1",
          "token_out": "0xaf88d065e77c8cC2239327C5EDb3A432268e5831",
          "fee": 500,
          "quoter": "0x0524E833cCD057e4d7A296e3aaAb9f7675964Ce1",
          "amount_in": "100000000000000000",
          "amount_out": "310045557",
          "implied_price": "3100.45557",
          "anchor_price": "3100.76492",
          "block_number": 420220484,
          "gas_estimate": 106188,
          "ticks_crossed": 1,
          "sqrt_price_x96_after": "4412342924340199173166226",
          "latency_ms": 50
        },
        {
          "dex": "sushiswap_v3",
          "pair": "WETH/USDC",
          "pool_address": "computed",
          "token_in": "0x82aF49447D8a07e3bd95BD0d56f35241523fBab1",
          "token_out": "0xaf88d065e77c8cC2239327C5EDb3A432268e5831",
          "fee": 500,
          "quoter": "0x0524E833cCD057e4d7A296e3aaAb9f7675964Ce1",
          "amount_in": "1000000000000000000",
          "amount_out": "3096392435",
          "implied_price": "3096.392435",
          "anchor_price": "3100.747646",
          "block_number": 420220484,
          "gas_estimate": 159152,
          "ticks_crossed": 3,
          "sqrt_price_x96_after": "4406566481510206400263493",
          "latency_ms": 38
        }
      ],
      "spreads": [
        {
          "id": "sushiswap_v3_uniswap_v3_500_1000000000000000000",
          "buy_leg": {
            "dex": "sushiswap_v3",
            "price": "3096.392435",
            "amount_out": "3096392435",
            "gas_estimate": 159152,
            "ticks_crossed": 3,
            "verified_for_execution": false
          },
          "sell_leg": {
            "dex": "uniswap_v3",
            "price": "3100.747646",
            "amount_out": "3100747646",
            "gas_estimate": 100934,
            "ticks_crossed": 1,
            "verified_for_execution": true
          },
          "fee": 500,
          "amount_in": "1000000000000000000",
          "spread_bps": 14,
          "gas_price_gwei": 0.02,
          "gas_cost_bps": 0,
          "net_pnl_bps": 14,
          "profitable": true,
          "executable": false
        }
      ],
      "paper_trades": [
        {
          "spread_id": "sushiswap_v3_uniswap_v3_500_1000000000000000000",
          "outcome": "BLOCKED_EXEC",
          "net_pnl_bps": 14,
          "expected_pnl_usdc": 4.3349,
          "recorded": true
        }
      ],
      "rpc_stats": {
        "https://arb-mainnet.g.alchemy.com/v2/6cDFdYb-lqxV1uwTAstRN": {
          "total_requests": 26,
          "success_rate": 1.0,
          "avg_latency_ms": 47,
          "last_error": null
        },
        "https://arbitrum.llamarpc.com": {
          "total_requests": 0,
          "success_rate": 0.0,
          "avg_latency_ms": 0,
          "last_error": null
        },
        "https://arb1.arbitrum.io/rpc": {
          "total_requests": 0,
          "success_rate": 0.0,
          "avg_latency_ms": 0,
          "last_error": null
        }
      },
      "reject_reasons_histogram": {
        "QUOTE_GAS_TOO_HIGH": 1,
        "TICKS_CROSSED_TOO_MANY": 2,
        "QUOTE_INVALID_PARAMS": 8
      },
      "total_reject_reasons": 11,
      "status": "OK"
    }
  ]
}