{
  "timestamp": "2026-01-10T10:30:12.132350+00:00",
  "harness": "SMOKE_WETH_USDC",
  "session_summary": {
    "session_start": "2026-01-10T10:30:11.101863+00:00",
    "session_end": "2026-01-10T10:30:12.132369+00:00",
    "duration_seconds": 1,
    "intent_file": "config\\intent.txt",
    "total_cycles": 1,
    "total_quotes_attempted": 12,
    "total_quotes_fetched": 12,
    "total_quotes_passed_gates": 8,
    "fetch_rate": 1.0,
    "gate_pass_rate": 0.6667,
    "quote_reject_histogram": {
      "QUOTE_GAS_TOO_HIGH": 3,
      "TICKS_CROSSED_TOO_MANY": 4,
      "SLIPPAGE_TOO_HIGH": 1
    }
  },
  "cycle_summaries": [
    {
      "chain": "arbitrum_one",
      "chain_id": 42161,
      "cycle_start": "2026-01-10T10:30:11.103081+00:00",
      "cycle_end": "2026-01-10T10:30:12.131537+00:00",
      "duration_ms": 1028,
      "block_number": 419858465,
      "planned_pools": 4,
      "pools_scanned": 4,
      "dexes_passed_gate": [
        {
          "dex_key": "uniswap_v3",
          "quoter": "0x61fFE014bA17989E743c5F6cB21bF9697530B21e",
          "fee_tiers": [
            100,
            500,
            3000,
            10000
          ]
        },
        {
          "dex_key": "sushiswap_v3",
          "quoter": "0x0524E833cCD057e4d7A296e3aaAb9f7675964Ce1",
          "fee_tiers": [
            100,
            500,
            3000,
            10000
          ]
        }
      ],
      "quotes_attempted": 12,
      "quotes_fetched": 12,
      "quotes_passed_gates": 8,
      "fetch_rate": 1.0,
      "gate_pass_rate": 0.6667,
      "quotes": [
        {
          "dex": "uniswap_v3",
          "pair": "WETH/USDC",
          "fee": 100,
          "amount_in": "10000000000000000",
          "amount_out": "30920385",
          "implied_price": "3092.0385",
          "block_number": 419858465,
          "gas_estimate": 92245,
          "ticks_crossed": 1,
          "sqrt_price_x96_after": "4405756627107373957281275",
          "latency_ms": 41
        },
        {
          "dex": "uniswap_v3",
          "pair": "WETH/USDC",
          "fee": 100,
          "amount_in": "100000000000000000",
          "amount_out": "309162284",
          "implied_price": "3091.62284",
          "block_number": 419858465,
          "gas_estimate": 154517,
          "ticks_crossed": 2,
          "sqrt_price_x96_after": "4405164376948930299505504",
          "latency_ms": 47
        },
        {
          "dex": "uniswap_v3",
          "pair": "WETH/USDC",
          "fee": 500,
          "amount_in": "10000000000000000",
          "amount_out": "30917593",
          "implied_price": "3091.7593",
          "block_number": 419858465,
          "gas_estimate": 92298,
          "ticks_crossed": 1,
          "sqrt_price_x96_after": "4406471968472117150110308",
          "latency_ms": 44
        },
        {
          "dex": "uniswap_v3",
          "pair": "WETH/USDC",
          "fee": 500,
          "amount_in": "100000000000000000",
          "amount_out": "309175759",
          "implied_price": "3091.75759",
          "block_number": 419858465,
          "gas_estimate": 92298,
          "ticks_crossed": 1,
          "sqrt_price_x96_after": "4406469486468303637364337",
          "latency_ms": 33
        },
        {
          "dex": "uniswap_v3",
          "pair": "WETH/USDC",
          "fee": 500,
          "amount_in": "1000000000000000000",
          "amount_out": "3091740185",
          "implied_price": "3091.740185",
          "block_number": 419858465,
          "gas_estimate": 92298,
          "ticks_crossed": 1,
          "sqrt_price_x96_after": "4406444666583950018176460",
          "latency_ms": 33
        },
        {
          "dex": "sushiswap_v3",
          "pair": "WETH/USDC",
          "fee": 500,
          "amount_in": "10000000000000000",
          "amount_out": "30918793",
          "implied_price": "3091.8793",
          "block_number": 419858465,
          "gas_estimate": 96508,
          "ticks_crossed": 1,
          "sqrt_price_x96_after": "4406525514532719577104040",
          "latency_ms": 33
        },
        {
          "dex": "sushiswap_v3",
          "pair": "WETH/USDC",
          "fee": 500,
          "amount_in": "100000000000000000",
          "amount_out": "309147401",
          "implied_price": "3091.47401",
          "block_number": 419858465,
          "gas_estimate": 136309,
          "ticks_crossed": 1,
          "sqrt_price_x96_after": "4405947866526498355718088",
          "latency_ms": 34
        },
        {
          "dex": "sushiswap_v3",
          "pair": "WETH/USDC",
          "fee": 500,
          "amount_in": "1000000000000000000",
          "amount_out": "3087426732",
          "implied_price": "3087.426732",
          "block_number": 419858465,
          "gas_estimate": 180859,
          "ticks_crossed": 3,
          "sqrt_price_x96_after": "4400179705136522315104272",
          "latency_ms": 32
        }
      ],
      "spreads": [
        {
          "dex_a": "uniswap_v3",
          "dex_b": "sushiswap_v3",
          "fee": 500,
          "amount_in": "1000000000000000000",
          "price_a": "3091.740185",
          "price_b": "3087.426732",
          "spread_bps": 13
        }
      ],
      "quote_reject_reasons": {
        "QUOTE_GAS_TOO_HIGH": 3,
        "TICKS_CROSSED_TOO_MANY": 4,
        "SLIPPAGE_TOO_HIGH": 1
      },
      "status": "OK"
    }
  ]
}