{
  "timestamp": "2026-01-10T10:16:49.080522+00:00",
  "session_summary": {
    "session_start": "2026-01-10T10:16:47.999052+00:00",
    "session_end": "2026-01-10T10:16:49.080539+00:00",
    "duration_seconds": 1,
    "intent_file": "config\\intent.txt",
    "total_cycles": 1,
    "total_quotes_attempted": 12,
    "total_quotes_success": 8,
    "quote_success_rate": 0.6667,
    "total_opportunities_found": 0,
    "quote_reject_histogram": {
      "QUOTE_GAS_TOO_HIGH": 3,
      "TICKS_CROSSED_TOO_MANY": 4
    },
    "opportunity_reject_histogram": {}
  },
  "cycle_summaries": [
    {
      "chain": "arbitrum_one",
      "chain_id": 42161,
      "cycle_start": "2026-01-10T10:16:48.000455+00:00",
      "cycle_end": "2026-01-10T10:16:49.079851+00:00",
      "duration_ms": 1079,
      "block_number": 419855259,
      "planned_pools": 4,
      "pools_scanned": 4,
      "quotes_attempted": 12,
      "quotes_success": 8,
      "quote_success_rate": 0.6667,
      "quotes": [
        {
          "dex": "uniswap_v3",
          "pair": "WETH/USDC",
          "fee": 100,
          "amount_in": "10000000000000000",
          "amount_out": "30950304",
          "block_number": 419855259,
          "gas_estimate": 92219,
          "ticks_crossed": 1,
          "latency_ms": 42
        },
        {
          "dex": "uniswap_v3",
          "pair": "WETH/USDC",
          "fee": 100,
          "amount_in": "100000000000000000",
          "amount_out": "309461434",
          "block_number": 419855259,
          "gas_estimate": 154513,
          "ticks_crossed": 2,
          "latency_ms": 33
        },
        {
          "dex": "uniswap_v3",
          "pair": "WETH/USDC",
          "fee": 500,
          "amount_in": "10000000000000000",
          "amount_out": "30926425",
          "block_number": 419855259,
          "gas_estimate": 92287,
          "ticks_crossed": 1,
          "latency_ms": 48
        },
        {
          "dex": "uniswap_v3",
          "pair": "WETH/USDC",
          "fee": 500,
          "amount_in": "100000000000000000",
          "amount_out": "309264081",
          "block_number": 419855259,
          "gas_estimate": 92287,
          "ticks_crossed": 1,
          "latency_ms": 55
        },
        {
          "dex": "uniswap_v3",
          "pair": "WETH/USDC",
          "fee": 500,
          "amount_in": "1000000000000000000",
          "amount_out": "3092623430",
          "block_number": 419855259,
          "gas_estimate": 92287,
          "ticks_crossed": 1,
          "latency_ms": 37
        },
        {
          "dex": "sushiswap_v3",
          "pair": "WETH/USDC",
          "fee": 500,
          "amount_in": "10000000000000000",
          "amount_out": "30924812",
          "block_number": 419855259,
          "gas_estimate": 97533,
          "ticks_crossed": 1,
          "latency_ms": 36
        },
        {
          "dex": "sushiswap_v3",
          "pair": "WETH/USDC",
          "fee": 500,
          "amount_in": "100000000000000000",
          "amount_out": "309207585",
          "block_number": 419855259,
          "gas_estimate": 136346,
          "ticks_crossed": 2,
          "latency_ms": 37
        },
        {
          "dex": "sushiswap_v3",
          "pair": "WETH/USDC",
          "fee": 500,
          "amount_in": "1000000000000000000",
          "amount_out": "3088027400",
          "block_number": 419855259,
          "gas_estimate": 180828,
          "ticks_crossed": 4,
          "latency_ms": 33
        }
      ],
      "opportunities_found": 0,
      "quote_reject_reasons": {
        "QUOTE_GAS_TOO_HIGH": 3,
        "TICKS_CROSSED_TOO_MANY": 4
      },
      "opportunity_reject_reasons": {},
      "status": "OK"
    }
  ]
}