{
  "timestamp": "2026-01-11T17:19:05.065471+00:00",
  "mode": "REGISTRY",
  "session_summary": {
    "session_start": "2026-01-11T17:19:03.313977+00:00",
    "session_end": "2026-01-11T17:19:05.065480+00:00",
    "duration_seconds": 1,
    "intent_file": "config\\intent.txt",
    "total_cycles": 1,
    "total_quotes_attempted": 21,
    "total_quotes_fetched": 21,
    "total_quotes_passed_gates": 14,
    "fetch_rate": 1.0,
    "gate_pass_rate": 0.6667,
    "quote_reject_histogram": {
      "QUOTE_GAS_TOO_HIGH": 2,
      "TICKS_CROSSED_TOO_MANY": 2,
      "QUOTE_INVALID_PARAMS": 5
    }
  },
  "cycle_summaries": [
    {
      "chain": "arbitrum_one",
      "chain_id": 42161,
      "mode": "REGISTRY",
      "cycle_start": "2026-01-11T17:19:03.335581+00:00",
      "cycle_end": "2026-01-11T17:19:05.064843+00:00",
      "duration_ms": 1729,
      "block_number": 420301230,
      "gas_price_gwei": 0.02,
      "planned_pools": 14,
      "pools_scanned": 7,
      "dexes_passed_gate": [
        {
          "dex_key": "uniswap_v3",
          "quoter": "0x61fFE014bA17989E743c5F6cB21bF9697530B21e",
          "fee_tiers": [
            100,
            500,
            3000,
            10000
          ],
          "verified_for_execution": true
        },
        {
          "dex_key": "sushiswap_v3",
          "quoter": "0x0524E833cCD057e4d7A296e3aaAb9f7675964Ce1",
          "fee_tiers": [
            100,
            500,
            3000
          ],
          "verified_for_execution": true
        }
      ],
      "quotes_attempted": 21,
      "quotes_fetched": 21,
      "quotes_fetch_failed": 0,
      "quotes_rejected": 7,
      "quotes_passed_gates": 14,
      "fetch_rate": 1.0,
      "gate_pass_rate": 0.6667,
      "quotes": [
        {
          "dex": "uniswap_v3",
          "pair": "WETH/USDC",
          "pool_address": "computed",
          "token_in": "0x82aF49447D8a07e3bd95BD0d56f35241523fBab1",
          "token_out": "0xaf88d065e77c8cC2239327C5EDb3A432268e5831",
          "fee": 100,
          "quoter": "0x61fFE014bA17989E743c5F6cB21bF9697530B21e",
          "amount_in": "10000000000000000",
          "amount_out": "31247292",
          "implied_price": "3124.7292",
          "anchor_price": "3124.7292",
          "block_number": 420301230,
          "gas_estimate": 100887,
          "ticks_crossed": 0,
          "sqrt_price_x96_after": "4428989351327847661696610",
          "latency_ms": 63
        },
        {
          "dex": "uniswap_v3",
          "pair": "WETH/USDC",
          "pool_address": "computed",
          "token_in": "0x82aF49447D8a07e3bd95BD0d56f35241523fBab1",
          "token_out": "0xaf88d065e77c8cC2239327C5EDb3A432268e5831",
          "fee": 100,
          "quoter": "0x61fFE014bA17989E743c5F6cB21bF9697530B21e",
          "amount_in": "100000000000000000",
          "amount_out": "312435911",
          "implied_price": "3124.35911",
          "anchor_price": "3124.35911",
          "block_number": 420301230,
          "gas_estimate": 153543,
          "ticks_crossed": 2,
          "sqrt_price_x96_after": "4428464745922251637819382",
          "latency_ms": 62
        },
        {
          "dex": "uniswap_v3",
          "pair": "WETH/USDC",
          "pool_address": "computed",
          "token_in": "0x82aF49447D8a07e3bd95BD0d56f35241523fBab1",
          "token_out": "0xaf88d065e77c8cC2239327C5EDb3A432268e5831",
          "fee": 10000,
          "quoter": "0x61fFE014bA17989E743c5F6cB21bF9697530B21e",
          "amount_in": "10000000000000000",
          "amount_out": "30799033",
          "implied_price": "3079.9033",
          "anchor_price": "3079.9033",
          "block_number": 420301230,
          "gas_estimate": 100909,
          "ticks_crossed": 1,
          "sqrt_price_x96_after": "4418835772275867396949769",
          "latency_ms": 37
        },
        {
          "dex": "uniswap_v3",
          "pair": "WETH/USDC",
          "pool_address": "computed",
          "token_in": "0x82aF49447D8a07e3bd95BD0d56f35241523fBab1",
          "token_out": "0xaf88d065e77c8cC2239327C5EDb3A432268e5831",
          "fee": 10000,
          "quoter": "0x61fFE014bA17989E743c5F6cB21bF9697530B21e",
          "amount_in": "100000000000000000",
          "amount_out": "307701251",
          "implied_price": "3077.01251",
          "anchor_price": "3077.01251",
          "block_number": 420301230,
          "gas_estimate": 100855,
          "ticks_crossed": 1,
          "sqrt_price_x96_after": "4414688207695028710653799",
          "latency_ms": 60
        },
        {
          "dex": "uniswap_v3",
          "pair": "WETH/USDC",
          "pool_address": "computed",
          "token_in": "0x82aF49447D8a07e3bd95BD0d56f35241523fBab1",
          "token_out": "0xaf88d065e77c8cC2239327C5EDb3A432268e5831",
          "fee": 10000,
          "quoter": "0x61fFE014bA17989E743c5F6cB21bF9697530B21e",
          "amount_in": "1000000000000000000",
          "amount_out": "3041803141",
          "implied_price": "3041.803141",
          "anchor_price": "3041.803141",
          "block_number": 420301230,
          "gas_estimate": 130841,
          "ticks_crossed": 2,
          "sqrt_price_x96_after": "4353853618154628669414077",
          "latency_ms": 47
        },
        {
          "dex": "uniswap_v3",
          "pair": "WETH/USDC",
          "pool_address": "computed",
          "token_in": "0x82aF49447D8a07e3bd95BD0d56f35241523fBab1",
          "token_out": "0xaf88d065e77c8cC2239327C5EDb3A432268e5831",
          "fee": 3000,
          "quoter": "0x61fFE014bA17989E743c5F6cB21bF9697530B21e",
          "amount_in": "10000000000000000",
          "amount_out": "31231189",
          "implied_price": "3123.1189",
          "anchor_price": "3123.1189",
          "block_number": 420301230,
          "gas_estimate": 92160,
          "ticks_crossed": 1,
          "sqrt_price_x96_after": "4434311299817108232014484",
          "latency_ms": 53
        },
        {
          "dex": "uniswap_v3",
          "pair": "WETH/USDC",
          "pool_address": "computed",
          "token_in": "0x82aF49447D8a07e3bd95BD0d56f35241523fBab1",
          "token_out": "0xaf88d065e77c8cC2239327C5EDb3A432268e5831",
          "fee": 3000,
          "quoter": "0x61fFE014bA17989E743c5F6cB21bF9697530B21e",
          "amount_in": "100000000000000000",
          "amount_out": "312310772",
          "implied_price": "3123.10772",
          "anchor_price": "3123.10772",
          "block_number": 420301230,
          "gas_estimate": 92160,
          "ticks_crossed": 1,
          "sqrt_price_x96_after": "4434295416212880036663888",
          "latency_ms": 58
        },
        {
          "dex": "uniswap_v3",
          "pair": "WETH/USDC",
          "pool_address": "computed",
          "token_in": "0x82aF49447D8a07e3bd95BD0d56f35241523fBab1",
          "token_out": "0xaf88d065e77c8cC2239327C5EDb3A432268e5831",
          "fee": 3000,
          "quoter": "0x61fFE014bA17989E743c5F6cB21bF9697530B21e",
          "amount_in": "1000000000000000000",
          "amount_out": "3122995862",
          "implied_price": "3122.995862",
          "anchor_price": "3122.995862",
          "block_number": 420301230,
          "gas_estimate": 92134,
          "ticks_crossed": 1,
          "sqrt_price_x96_after": "4434136586428792706267214",
          "latency_ms": 34
        },
        {
          "dex": "uniswap_v3",
          "pair": "WETH/USDC",
          "pool_address": "computed",
          "token_in": "0x82aF49447D8a07e3bd95BD0d56f35241523fBab1",
          "token_out": "0xaf88d065e77c8cC2239327C5EDb3A432268e5831",
          "fee": 500,
          "quoter": "0x61fFE014bA17989E743c5F6cB21bF9697530B21e",
          "amount_in": "10000000000000000",
          "amount_out": "31240222",
          "implied_price": "3124.0222",
          "anchor_price": "3124.0222",
          "block_number": 420301230,
          "gas_estimate": 92269,
          "ticks_crossed": 1,
          "sqrt_price_x96_after": "4429403326313237879673940",
          "latency_ms": 33
        },
        {
          "dex": "uniswap_v3",
          "pair": "WETH/USDC",
          "pool_address": "computed",
          "token_in": "0x82aF49447D8a07e3bd95BD0d56f35241523fBab1",
          "token_out": "0xaf88d065e77c8cC2239327C5EDb3A432268e5831",
          "fee": 500,
          "quoter": "0x61fFE014bA17989E743c5F6cB21bF9697530B21e",
          "amount_in": "100000000000000000",
          "amount_out": "312402046",
          "implied_price": "3124.02046",
          "anchor_price": "3124.02046",
          "block_number": 420301230,
          "gas_estimate": 92269,
          "ticks_crossed": 1,
          "sqrt_price_x96_after": "4429400844973046785170322",
          "latency_ms": 55
        },
        {
          "dex": "uniswap_v3",
          "pair": "WETH/USDC",
          "pool_address": "computed",
          "token_in": "0x82aF49447D8a07e3bd95BD0d56f35241523fBab1",
          "token_out": "0xaf88d065e77c8cC2239327C5EDb3A432268e5831",
          "fee": 500,
          "quoter": "0x61fFE014bA17989E743c5F6cB21bF9697530B21e",
          "amount_in": "1000000000000000000",
          "amount_out": "3124002960",
          "implied_price": "3124.00296",
          "anchor_price": "3124.00296",
          "block_number": 420301230,
          "gas_estimate": 92269,
          "ticks_crossed": 1,
          "sqrt_price_x96_after": "4429376031724039416955018",
          "latency_ms": 59
        },
        {
          "dex": "sushiswap_v3",
          "pair": "WETH/USDC",
          "pool_address": "computed",
          "token_in": "0x82aF49447D8a07e3bd95BD0d56f35241523fBab1",
          "token_out": "0xaf88d065e77c8cC2239327C5EDb3A432268e5831",
          "fee": 500,
          "quoter": "0x0524E833cCD057e4d7A296e3aaAb9f7675964Ce1",
          "amount_in": "10000000000000000",
          "amount_out": "31234231",
          "implied_price": "3123.4231",
          "anchor_price": "3124.0222",
          "block_number": 420301230,
          "gas_estimate": 97495,
          "ticks_crossed": 1,
          "sqrt_price_x96_after": "4428946317395752098937823",
          "latency_ms": 31
        },
        {
          "dex": "sushiswap_v3",
          "pair": "WETH/USDC",
          "pool_address": "computed",
          "token_in": "0x82aF49447D8a07e3bd95BD0d56f35241523fBab1",
          "token_out": "0xaf88d065e77c8cC2239327C5EDb3A432268e5831",
          "fee": 500,
          "quoter": "0x0524E833cCD057e4d7A296e3aaAb9f7675964Ce1",
          "amount_in": "100000000000000000",
          "amount_out": "312301112",
          "implied_price": "3123.01112",
          "anchor_price": "3124.02046",
          "block_number": 420301230,
          "gas_estimate": 132216,
          "ticks_crossed": 2,
          "sqrt_price_x96_after": "4428362030184263411550036",
          "latency_ms": 47
        },
        {
          "dex": "sushiswap_v3",
          "pair": "WETH/USDC",
          "pool_address": "computed",
          "token_in": "0x82aF49447D8a07e3bd95BD0d56f35241523fBab1",
          "token_out": "0xaf88d065e77c8cC2239327C5EDb3A432268e5831",
          "fee": 500,
          "quoter": "0x0524E833cCD057e4d7A296e3aaAb9f7675964Ce1",
          "amount_in": "1000000000000000000",
          "amount_out": "3118896620",
          "implied_price": "3118.89662",
          "anchor_price": "3124.00296",
          "block_number": 420301230,
          "gas_estimate": 183988,
          "ticks_crossed": 4,
          "sqrt_price_x96_after": "4422527822185847610920911",
          "latency_ms": 50
        }
      ],
      "spreads": [
        {
          "id": "sushiswap_v3_uniswap_v3_500_10000000000000000",
          "pair": "WETH/USDC",
          "token_in_symbol": "WETH",
          "token_out_symbol": "USDC",
          "buy_leg": {
            "dex": "sushiswap_v3",
            "price": "3123.4231",
            "amount_out": "31234231",
            "gas_estimate": 97495,
            "ticks_crossed": 1,
            "verified_for_execution": true
          },
          "sell_leg": {
            "dex": "uniswap_v3",
            "price": "3124.0222",
            "amount_out": "31240222",
            "gas_estimate": 92269,
            "ticks_crossed": 1,
            "verified_for_execution": true
          },
          "fee": 500,
          "amount_in": "10000000000000000",
          "spread_bps": 1,
          "gas_price_gwei": 0.02,
          "gas_cost_bps": 3,
          "net_pnl_bps": -2,
          "profitable": false,
          "executable": true
        },
        {
          "id": "sushiswap_v3_uniswap_v3_500_100000000000000000",
          "pair": "WETH/USDC",
          "token_in_symbol": "WETH",
          "token_out_symbol": "USDC",
          "buy_leg": {
            "dex": "sushiswap_v3",
            "price": "3123.01112",
            "amount_out": "312301112",
            "gas_estimate": 132216,
            "ticks_crossed": 2,
            "verified_for_execution": true
          },
          "sell_leg": {
            "dex": "uniswap_v3",
            "price": "3124.02046",
            "amount_out": "312402046",
            "gas_estimate": 92269,
            "ticks_crossed": 1,
            "verified_for_execution": true
          },
          "fee": 500,
          "amount_in": "100000000000000000",
          "spread_bps": 3,
          "gas_price_gwei": 0.02,
          "gas_cost_bps": 0,
          "net_pnl_bps": 3,
          "profitable": true,
          "executable": true
        },
        {
          "id": "sushiswap_v3_uniswap_v3_500_1000000000000000000",
          "pair": "WETH/USDC",
          "token_in_symbol": "WETH",
          "token_out_symbol": "USDC",
          "buy_leg": {
            "dex": "sushiswap_v3",
            "price": "3118.89662",
            "amount_out": "3118896620",
            "gas_estimate": 183988,
            "ticks_crossed": 4,
            "verified_for_execution": true
          },
          "sell_leg": {
            "dex": "uniswap_v3",
            "price": "3124.00296",
            "amount_out": "3124002960",
            "gas_estimate": 92269,
            "ticks_crossed": 1,
            "verified_for_execution": true
          },
          "fee": 500,
          "amount_in": "1000000000000000000",
          "spread_bps": 16,
          "gas_price_gwei": 0.02,
          "gas_cost_bps": 0,
          "net_pnl_bps": 16,
          "profitable": true,
          "executable": true
        }
      ],
      "paper_trades": [
        {
          "spread_id": "sushiswap_v3_uniswap_v3_500_10000000000000000",
          "outcome": "UNPROFITABLE",
          "net_pnl_bps": -2,
          "expected_pnl_usdc": -0.0062,
          "recorded": true
        },
        {
          "spread_id": "sushiswap_v3_uniswap_v3_500_100000000000000000",
          "outcome": "WOULD_EXECUTE",
          "net_pnl_bps": 3,
          "expected_pnl_usdc": 0.0937,
          "recorded": true
        },
        {
          "spread_id": "sushiswap_v3_uniswap_v3_500_1000000000000000000",
          "outcome": "WOULD_EXECUTE",
          "net_pnl_bps": 16,
          "expected_pnl_usdc": 4.9902,
          "recorded": true
        }
      ],
      "rpc_stats": {
        "https://arb-mainnet.g.alchemy.com/v2/6cDFdYb-lqxV1uwTAstRN": {
          "total_requests": 23,
          "success_rate": 1.0,
          "avg_latency_ms": 54,
          "last_error": null
        },
        "https://arbitrum.llamarpc.com": {
          "total_requests": 0,
          "success_rate": 0.0,
          "avg_latency_ms": 0,
          "last_error": null
        },
        "https://arb1.arbitrum.io/rpc": {
          "total_requests": 0,
          "success_rate": 0.0,
          "avg_latency_ms": 0,
          "last_error": null
        }
      },
      "reject_reasons_histogram": {
        "QUOTE_GAS_TOO_HIGH": 2,
        "TICKS_CROSSED_TOO_MANY": 2,
        "QUOTE_INVALID_PARAMS": 5
      },
      "total_reject_reasons": 9,
      "status": "OK"
    }
  ]
}