{
  "timestamp": "2026-01-10T10:30:12.136152+00:00",
  "quote_rejects": {
    "total": 8,
    "histogram": {
      "QUOTE_GAS_TOO_HIGH": 3,
      "TICKS_CROSSED_TOO_MANY": 4,
      "SLIPPAGE_TOO_HIGH": 1
    },
    "sorted": {
      "TICKS_CROSSED_TOO_MANY": 4,
      "QUOTE_GAS_TOO_HIGH": 3,
      "SLIPPAGE_TOO_HIGH": 1
    },
    "top_samples": {
      "QUOTE_GAS_TOO_HIGH": [
        {
          "dex": "uniswap_v3",
          "fee": 100,
          "amount_in": 1000000000000000000,
          "gas_estimate": 650442,
          "ticks_crossed": 23,
          "latency_ms": 34,
          "details": {
            "gas_estimate": 650442,
            "max_gas": 500000
          }
        },
        {
          "dex": "sushiswap_v3",
          "fee": 100,
          "amount_in": 100000000000000000,
          "gas_estimate": 1395803,
          "ticks_crossed": 40,
          "latency_ms": 40,
          "details": {
            "gas_estimate": 1395803,
            "max_gas": 500000
          }
        },
        {
          "dex": "sushiswap_v3",
          "fee": 100,
          "amount_in": 1000000000000000000,
          "gas_estimate": 2338177,
          "ticks_crossed": 40,
          "latency_ms": 38,
          "details": {
            "gas_estimate": 2338177,
            "max_gas": 500000
          }
        }
      ],
      "TICKS_CROSSED_TOO_MANY": [
        {
          "dex": "uniswap_v3",
          "fee": 100,
          "amount_in": 1000000000000000000,
          "gas_estimate": 650442,
          "ticks_crossed": 23,
          "latency_ms": 34,
          "details": {
            "ticks_crossed": 23,
            "max_ticks": 10
          }
        },
        {
          "dex": "sushiswap_v3",
          "fee": 100,
          "amount_in": 10000000000000000,
          "gas_estimate": 481847,
          "ticks_crossed": 14,
          "latency_ms": 40,
          "details": {
            "ticks_crossed": 14,
            "max_ticks": 10
          }
        },
        {
          "dex": "sushiswap_v3",
          "fee": 100,
          "amount_in": 100000000000000000,
          "gas_estimate": 1395803,
          "ticks_crossed": 40,
          "latency_ms": 40,
          "details": {
            "ticks_crossed": 40,
            "max_ticks": 10
          }
        }
      ]
    }
  }
}