{
  "timestamp": "2026-01-11T10:13:00.096636+00:00",
  "quote_rejects": {
    "total": 7,
    "histogram": {
      "QUOTE_GAS_TOO_HIGH": 3,
      "TICKS_CROSSED_TOO_MANY": 4
    },
    "sorted": {
      "TICKS_CROSSED_TOO_MANY": 4,
      "QUOTE_GAS_TOO_HIGH": 3
    },
    "top_samples": {
      "QUOTE_GAS_TOO_HIGH": [
        {
          "dex": "uniswap_v3",
          "fee": 100,
          "amount_in": 1000000000000000000,
          "gas_estimate": 604140,
          "ticks_crossed": 21,
          "latency_ms": 32,
          "details": {
            "gas_estimate": 604140,
            "max_gas": 500000
          }
        },
        {
          "dex": "sushiswap_v3",
          "fee": 100,
          "amount_in": 100000000000000000,
          "gas_estimate": 1395803,
          "ticks_crossed": 40,
          "latency_ms": 37,
          "details": {
            "gas_estimate": 1395803,
            "max_gas": 500000
          }
        },
        {
          "dex": "sushiswap_v3",
          "fee": 100,
          "amount_in": 1000000000000000000,
          "gas_estimate": 2338151,
          "ticks_crossed": 40,
          "latency_ms": 58,
          "details": {
            "gas_estimate": 2338151,
            "max_gas": 500000
          }
        }
      ],
      "TICKS_CROSSED_TOO_MANY": [
        {
          "dex": "uniswap_v3",
          "fee": 100,
          "amount_in": 1000000000000000000,
          "gas_estimate": 604140,
          "ticks_crossed": 21,
          "latency_ms": 32,
          "details": {
            "ticks_crossed": 21,
            "max_ticks": 10
          }
        },
        {
          "dex": "sushiswap_v3",
          "fee": 100,
          "amount_in": 10000000000000000,
          "gas_estimate": 482801,
          "ticks_crossed": 14,
          "latency_ms": 49,
          "details": {
            "ticks_crossed": 14,
            "max_ticks": 10
          }
        },
        {
          "dex": "sushiswap_v3",
          "fee": 100,
          "amount_in": 100000000000000000,
          "gas_estimate": 1395803,
          "ticks_crossed": 40,
          "latency_ms": 37,
          "details": {
            "ticks_crossed": 40,
            "max_ticks": 10
          }
        }
      ]
    }
  }
}