{
  "timestamp": "2026-01-11T11:23:22.709931+00:00",
  "quote_rejects": {
    "total": 12,
    "histogram": {
      "QUOTE_GAS_TOO_HIGH": 5,
      "TICKS_CROSSED_TOO_MANY": 6,
      "SLIPPAGE_TOO_HIGH": 1
    },
    "sorted": {
      "TICKS_CROSSED_TOO_MANY": 6,
      "QUOTE_GAS_TOO_HIGH": 5,
      "SLIPPAGE_TOO_HIGH": 1
    },
    "top_samples": {
      "QUOTE_GAS_TOO_HIGH": [
        {
          "dex": "uniswap_v3",
          "fee": 100,
          "amount_in": 1000000000000000000,
          "gas_estimate": 627755,
          "ticks_crossed": 22,
          "latency_ms": 51,
          "details": {
            "gas_estimate": 627755,
            "max_gas": 500000
          }
        },
        {
          "dex": "sushiswap_v3",
          "fee": 100,
          "amount_in": 100000000000000000,
          "gas_estimate": 1395803,
          "ticks_crossed": 40,
          "latency_ms": 57,
          "details": {
            "gas_estimate": 1395803,
            "max_gas": 500000
          }
        },
        {
          "dex": "sushiswap_v3",
          "fee": 100,
          "amount_in": 1000000000000000000,
          "gas_estimate": 2338151,
          "ticks_crossed": 40,
          "latency_ms": 71,
          "details": {
            "gas_estimate": 2338151,
            "max_gas": 500000
          }
        }
      ],
      "TICKS_CROSSED_TOO_MANY": [
        {
          "dex": "uniswap_v3",
          "fee": 100,
          "amount_in": 1000000000000000000,
          "gas_estimate": 627755,
          "ticks_crossed": 22,
          "latency_ms": 51,
          "details": {
            "ticks_crossed": 22,
            "max_ticks": 10
          }
        },
        {
          "dex": "sushiswap_v3",
          "fee": 100,
          "amount_in": 10000000000000000,
          "gas_estimate": 482801,
          "ticks_crossed": 14,
          "latency_ms": 37,
          "details": {
            "ticks_crossed": 14,
            "max_ticks": 10
          }
        },
        {
          "dex": "sushiswap_v3",
          "fee": 100,
          "amount_in": 100000000000000000,
          "gas_estimate": 1395803,
          "ticks_crossed": 40,
          "latency_ms": 57,
          "details": {
            "ticks_crossed": 40,
            "max_ticks": 10
          }
        }
      ]
    }
  }
}