{
  "timestamp": "2026-01-11T18:05:26.844850+00:00",
  "quote_rejects": {
    "total": 9,
    "histogram": {
      "QUOTE_GAS_TOO_HIGH": 2,
      "TICKS_CROSSED_TOO_MANY": 2,
      "QUOTE_REVERT": 3,
      "INFRA_BAD_ABI": 2
    },
    "sorted": {
      "QUOTE_REVERT": 3,
      "QUOTE_GAS_TOO_HIGH": 2,
      "TICKS_CROSSED_TOO_MANY": 2,
      "INFRA_BAD_ABI": 2
    },
    "top_samples": {
      "QUOTE_GAS_TOO_HIGH": [
        {
          "dex": "uniswap_v3",
          "fee": 100,
          "amount_in": 1000000000000000000,
          "gas_estimate": 627846,
          "ticks_crossed": 22,
          "latency_ms": 60,
          "details": {
            "gas_estimate": 627846,
            "max_gas": 500000
          }
        },
        {
          "dex": "sushiswap_v3",
          "fee": 100,
          "amount_in": 10000000000000000,
          "gas_estimate": 530429,
          "ticks_crossed": 16,
          "latency_ms": 33,
          "details": {
            "gas_estimate": 530429,
            "max_gas": 500000
          }
        }
      ],
      "TICKS_CROSSED_TOO_MANY": [
        {
          "dex": "uniswap_v3",
          "fee": 100,
          "amount_in": 1000000000000000000,
          "gas_estimate": 627846,
          "ticks_crossed": 22,
          "latency_ms": 60,
          "details": {
            "ticks_crossed": 22,
            "max_ticks": 10
          }
        },
        {
          "dex": "sushiswap_v3",
          "fee": 100,
          "amount_in": 10000000000000000,
          "gas_estimate": 530429,
          "ticks_crossed": 16,
          "latency_ms": 33,
          "details": {
            "ticks_crossed": 16,
            "max_ticks": 10
          }
        }
      ],
      "QUOTE_REVERT": [
        {
          "dex": "camelot_v3",
          "fee": 0,
          "amount_in": 10000000000000000,
          "gas_estimate": 0,
          "ticks_crossed": 0,
          "latency_ms": 0,
          "details": {
            "token_in": "0x82aF49447D8a07e3bd95BD0d56f35241523fBab1",
            "token_out": "0xaf88d065e77c8cC2239327C5EDb3A432268e5831",
            "amount_in": 10000000000000000,
            "quoter": "0x0Fc73040b26E9bC8514fA028D998E73A254Fa76E"
          }
        },
        {
          "dex": "camelot_v3",
          "fee": 0,
          "amount_in": 100000000000000000,
          "gas_estimate": 0,
          "ticks_crossed": 0,
          "latency_ms": 0,
          "details": {
            "token_in": "0x82aF49447D8a07e3bd95BD0d56f35241523fBab1",
            "token_out": "0xaf88d065e77c8cC2239327C5EDb3A432268e5831",
            "amount_in": 100000000000000000,
            "quoter": "0x0Fc73040b26E9bC8514fA028D998E73A254Fa76E"
          }
        },
        {
          "dex": "camelot_v3",
          "fee": 0,
          "amount_in": 1000000000000000000,
          "gas_estimate": 0,
          "ticks_crossed": 0,
          "latency_ms": 0,
          "details": {
            "token_in": "0x82aF49447D8a07e3bd95BD0d56f35241523fBab1",
            "token_out": "0xaf88d065e77c8cC2239327C5EDb3A432268e5831",
            "amount_in": 1000000000000000000,
            "quoter": "0x0Fc73040b26E9bC8514fA028D998E73A254Fa76E"
          }
        }
      ],
      "INFRA_BAD_ABI": [
        {
          "dex": "sushiswap_v3",
          "fee": 100,
          "amount_in": 100000000000000000,
          "gas_estimate": 0,
          "ticks_crossed": 0,
          "latency_ms": 0,
          "details": {
            "error_type": "AttributeError",
            "error_message": "type object 'ErrorCode' has no attribute 'PRICE_SANITY_FAILED'",
            "quoter": "0x0524E833cCD057e4d7A296e3aaAb9f7675964Ce1",
            "token_in": "0x82aF49447D8a07e3bd95BD0d56f35241523fBab1",
            "token_out": "0xaf88d065e77c8cC2239327C5EDb3A432268e5831",
            "token_in_symbol": "WETH",
            "token_out_symbol": "USDC",
            "token_in_decimals": 18,
            "token_out_decimals": 6,
            "pool_address": "computed"
          }
        },
        {
          "dex": "sushiswap_v3",
          "fee": 100,
          "amount_in": 1000000000000000000,
          "gas_estimate": 0,
          "ticks_crossed": 0,
          "latency_ms": 0,
          "details": {
            "error_type": "AttributeError",
            "error_message": "type object 'ErrorCode' has no attribute 'PRICE_SANITY_FAILED'",
            "quoter": "0x0524E833cCD057e4d7A296e3aaAb9f7675964Ce1",
            "token_in": "0x82aF49447D8a07e3bd95BD0d56f35241523fBab1",
            "token_out": "0xaf88d065e77c8cC2239327C5EDb3A432268e5831",
            "token_in_symbol": "WETH",
            "token_out_symbol": "USDC",
            "token_in_decimals": 18,
            "token_out_decimals": 6,
            "pool_address": "computed"
          }
        }
      ]
    }
  },
  "consistent": true
}