{
  "timestamp": "2026-01-11T17:19:03.331579+00:00",
  "summary": {
    "total_resolved_pairs": 35,
    "total_pool_candidates": 86,
    "chains": {
      "42161": {
        "pairs": [
          "WETH/WBTC",
          "WETH/USDC"
        ],
        "dexes": [
          "uniswap_v3",
          "sushiswap_v3"
        ],
        "pools": 14
      },
      "59144": {
        "pairs": [
          "WBTC/USDT",
          "WBTC/USDC",
          "WETH/USDC",
          "USDC/USDT",
          "WETH/USDT",
          "WETH/WBTC"
        ],
        "dexes": [
          "pancakeswap_v3"
        ],
        "pools": 24
      },
      "324": {
        "pairs": [
          "WBTC/USDC",
          "WETH/USDC",
          "USDC/USDT",
          "WETH/USDT",
          "WETH/WBTC"
        ],
        "dexes": [
          "pancakeswap_v3"
        ],
        "pools": 20
      },
      "8453": {
        "pairs": [
          "WETH/cbBTC",
          "cbETH/USDC",
          "WETH/USDC",
          "USDC/USDT",
          "cbETH/WETH",
          "cbBTC/USDT",
          "USDC/cbBTC"
        ],
        "dexes": [
          "uniswap_v3"
        ],
        "pools": 28
      }
    }
  },
  "resolved_pairs": [
    {
      "chain_key": "arbitrum_one",
      "chain_id": 42161,
      "base": "WETH",
      "quote": "USDC",
      "base_address": "0x82aF49447D8a07e3bd95BD0d56f35241523fBab1",
      "quote_address": "0xaf88d065e77c8cC2239327C5EDb3A432268e5831"
    },
    {
      "chain_key": "arbitrum_one",
      "chain_id": 42161,
      "base": "WETH",
      "quote": "WBTC",
      "base_address": "0x82aF49447D8a07e3bd95BD0d56f35241523fBab1",
      "quote_address": "0x2f2a2543B76A4166549F7aaB2e75Bef0aefC5B0f"
    },
    {
      "chain_key": "linea",
      "chain_id": 59144,
      "base": "WETH",
      "quote": "USDC",
      "base_address": "0xe5D7C2a44FfDDf6b295A15c148167daaAf5Cf34f",
      "quote_address": "0x176211869cA2b568f2A7D4EE941E073a821EE1ff"
    },
    {
      "chain_key": "linea",
      "chain_id": 59144,
      "base": "WETH",
      "quote": "USDT",
      "base_address": "0xe5D7C2a44FfDDf6b295A15c148167daaAf5Cf34f",
      "quote_address": "0xA219439258ca9da29E9Cc4cE5596924745e12B93"
    },
    {
      "chain_key": "linea",
      "chain_id": 59144,
      "base": "USDC",
      "quote": "USDT",
      "base_address": "0x176211869cA2b568f2A7D4EE941E073a821EE1ff",
      "quote_address": "0xA219439258ca9da29E9Cc4cE5596924745e12B93"
    },
    {
      "chain_key": "linea",
      "chain_id": 59144,
      "base": "WETH",
      "quote": "WBTC",
      "base_address": "0xe5D7C2a44FfDDf6b295A15c148167daaAf5Cf34f",
      "quote_address": "0x3aAB2285ddcDdaD8edf438C1bAB47e1a9D05a9b4"
    },
    {
      "chain_key": "linea",
      "chain_id": 59144,
      "base": "WBTC",
      "quote": "USDC",
      "base_address": "0x3aAB2285ddcDdaD8edf438C1bAB47e1a9D05a9b4",
      "quote_address": "0x176211869cA2b568f2A7D4EE941E073a821EE1ff"
    },
    {
      "chain_key": "linea",
      "chain_id": 59144,
      "base": "WBTC",
      "quote": "USDT",
      "base_address": "0x3aAB2285ddcDdaD8edf438C1bAB47e1a9D05a9b4",
      "quote_address": "0xA219439258ca9da29E9Cc4cE5596924745e12B93"
    },
    {
      "chain_key": "scroll",
      "chain_id": 534352,
      "base": "WETH",
      "quote": "USDC",
      "base_address": "0x5300000000000000000000000000000000000004",
      "quote_address": "0x06eFdBFf2a14a7c8E15944D1F4A48F9F95F663A4"
    },
    {
      "chain_key": "scroll",
      "chain_id": 534352,
      "base": "WETH",
      "quote": "USDT",
      "base_address": "0x5300000000000000000000000000000000000004",
      "quote_address": "0xf55BEC9cafDbE8730f096Aa55dad6D22d44099Df"
    },
    {
      "chain_key": "scroll",
      "chain_id": 534352,
      "base": "USDC",
      "quote": "USDT",
      "base_address": "0x06eFdBFf2a14a7c8E15944D1F4A48F9F95F663A4",
      "quote_address": "0xf55BEC9cafDbE8730f096Aa55dad6D22d44099Df"
    },
    {
      "chain_key": "scroll",
      "chain_id": 534352,
      "base": "WETH",
      "quote": "WBTC",
      "base_address": "0x5300000000000000000000000000000000000004",
      "quote_address": "0x3C1BCa5a656e69edCD0D4E36BEbb3FcDAcA60Cf1"
    },
    {
      "chain_key": "scroll",
      "chain_id": 534352,
      "base": "WBTC",
      "quote": "USDT",
      "base_address": "0x3C1BCa5a656e69edCD0D4E36BEbb3FcDAcA60Cf1",
      "quote_address": "0xf55BEC9cafDbE8730f096Aa55dad6D22d44099Df"
    },
    {
      "chain_key": "mantle",
      "chain_id": 5000,
      "base": "WETH",
      "quote": "USDC",
      "base_address": "0xdEAddEaDdeadDEadDEADDEAddEADDEAddead1111",
      "quote_address": "0x09Bc4E0D864854c6aFB6eB9A9cdF58aC190D0dF9"
    },
    {
      "chain_key": "mantle",
      "chain_id": 5000,
      "base": "WETH",
      "quote": "USDT",
      "base_address": "0xdEAddEaDdeadDEadDEADDEAddEADDEAddead1111",
      "quote_address": "0x201EBa5CC46D216Ce6DC03F6a759e8E766e956aE"
    },
    {
      "chain_key": "mantle",
      "chain_id": 5000,
      "base": "USDC",
      "quote": "USDT",
      "base_address": "0x09Bc4E0D864854c6aFB6eB9A9cdF58aC190D0dF9",
      "quote_address": "0x201EBa5CC46D216Ce6DC03F6a759e8E766e956aE"
    },
    {
      "chain_key": "mantle",
      "chain_id": 5000,
      "base": "USDC",
      "quote": "WMNT",
      "base_address": "0x09Bc4E0D864854c6aFB6eB9A9cdF58aC190D0dF9",
      "quote_address": "0x78c1b0C915c4FAA5FffA6CAbf0219DA63d7f4cb8"
    },
    {
      "chain_key": "mantle",
      "chain_id": 5000,
      "base": "USDT",
      "quote": "WMNT",
      "base_address": "0x201EBa5CC46D216Ce6DC03F6a759e8E766e956aE",
      "quote_address": "0x78c1b0C915c4FAA5FffA6CAbf0219DA63d7f4cb8"
    },
    {
      "chain_key": "mantle",
      "chain_id": 5000,
      "base": "WETH",
      "quote": "WMNT",
      "base_address": "0xdEAddEaDdeadDEadDEADDEAddEADDEAddead1111",
      "quote_address": "0x78c1b0C915c4FAA5FffA6CAbf0219DA63d7f4cb8"
    },
    {
      "chain_key": "mantle",
      "chain_id": 5000,
      "base": "mETH",
      "quote": "WETH",
      "base_address": "0xcDA86A272531e8640cD7F1a92c01839911B90bb0",
      "quote_address": "0xdEAddEaDdeadDEadDEADDEAddEADDEAddead1111"
    },
    {
      "chain_key": "mantle",
      "chain_id": 5000,
      "base": "mETH",
      "quote": "USDT",
      "base_address": "0xcDA86A272531e8640cD7F1a92c01839911B90bb0",
      "quote_address": "0x201EBa5CC46D216Ce6DC03F6a759e8E766e956aE"
    },
    {
      "chain_key": "mantle",
      "chain_id": 5000,
      "base": "mETH",
      "quote": "USDC",
      "base_address": "0xcDA86A272531e8640cD7F1a92c01839911B90bb0",
      "quote_address": "0x09Bc4E0D864854c6aFB6eB9A9cdF58aC190D0dF9"
    },
    {
      "chain_key": "mantle",
      "chain_id": 5000,
      "base": "WMNT",
      "quote": "mETH",
      "base_address": "0x78c1b0C915c4FAA5FffA6CAbf0219DA63d7f4cb8",
      "quote_address": "0xcDA86A272531e8640cD7F1a92c01839911B90bb0"
    },
    {
      "chain_key": "zksync",
      "chain_id": 324,
      "base": "WETH",
      "quote": "USDC",
      "base_address": "0x5AEa5775959fBC2557Cc8789bC1bf90A239D9a91",
      "quote_address": "0x1d17CBcF0D6D143135aE902365D2E5e2A16538D4"
    },
    {
      "chain_key": "zksync",
      "chain_id": 324,
      "base": "WETH",
      "quote": "USDT",
      "base_address": "0x5AEa5775959fBC2557Cc8789bC1bf90A239D9a91",
      "quote_address": "0x493257fD37EDB34451f62EDf8D2a0C418852bA4C"
    },
    {
      "chain_key": "zksync",
      "chain_id": 324,
      "base": "USDC",
      "quote": "USDT",
      "base_address": "0x1d17CBcF0D6D143135aE902365D2E5e2A16538D4",
      "quote_address": "0x493257fD37EDB34451f62EDf8D2a0C418852bA4C"
    },
    {
      "chain_key": "zksync",
      "chain_id": 324,
      "base": "WETH",
      "quote": "WBTC",
      "base_address": "0x5AEa5775959fBC2557Cc8789bC1bf90A239D9a91",
      "quote_address": "0xBBeB516fb02a01611cBBE0453Fe3c580D7281011"
    },
    {
      "chain_key": "zksync",
      "chain_id": 324,
      "base": "WBTC",
      "quote": "USDC",
      "base_address": "0xBBeB516fb02a01611cBBE0453Fe3c580D7281011",
      "quote_address": "0x1d17CBcF0D6D143135aE902365D2E5e2A16538D4"
    },
    {
      "chain_key": "base",
      "chain_id": 8453,
      "base": "WETH",
      "quote": "USDC",
      "base_address": "0x4200000000000000000000000000000000000006",
      "quote_address": "0x833589fCD6eDb6E08f4c7C32D4f71b54bdA02913"
    },
    {
      "chain_key": "base",
      "chain_id": 8453,
      "base": "USDC",
      "quote": "USDT",
      "base_address": "0x833589fCD6eDb6E08f4c7C32D4f71b54bdA02913",
      "quote_address": "0xfde4C96c8593536E31F229EA8f37b2ADa2699bb2"
    },
    {
      "chain_key": "base",
      "chain_id": 8453,
      "base": "cbETH",
      "quote": "WETH",
      "base_address": "0x2Ae3F1Ec7F1F5012CFEab0185bfc7aa3cf0DEc22",
      "quote_address": "0x4200000000000000000000000000000000000006"
    },
    {
      "chain_key": "base",
      "chain_id": 8453,
      "base": "WETH",
      "quote": "cbBTC",
      "base_address": "0x4200000000000000000000000000000000000006",
      "quote_address": "0xcbB7C0000aB88B473b1f5aFd9ef808440eed33Bf"
    },
    {
      "chain_key": "base",
      "chain_id": 8453,
      "base": "USDC",
      "quote": "cbBTC",
      "base_address": "0x833589fCD6eDb6E08f4c7C32D4f71b54bdA02913",
      "quote_address": "0xcbB7C0000aB88B473b1f5aFd9ef808440eed33Bf"
    },
    {
      "chain_key": "base",
      "chain_id": 8453,
      "base": "cbETH",
      "quote": "USDC",
      "base_address": "0x2Ae3F1Ec7F1F5012CFEab0185bfc7aa3cf0DEc22",
      "quote_address": "0x833589fCD6eDb6E08f4c7C32D4f71b54bdA02913"
    },
    {
      "chain_key": "base",
      "chain_id": 8453,
      "base": "cbBTC",
      "quote": "USDT",
      "base_address": "0xcbB7C0000aB88B473b1f5aFd9ef808440eed33Bf",
      "quote_address": "0xfde4C96c8593536E31F229EA8f37b2ADa2699bb2"
    }
  ],
  "pool_candidates": [
    {
      "chain_id": 42161,
      "dex_key": "uniswap_v3",
      "dex_type": "uniswap_v3",
      "pool_address": "",
      "base": "WETH",
      "quote": "USDC",
      "fee": 100,
      "priority": 10
    },
    {
      "chain_id": 42161,
      "dex_key": "uniswap_v3",
      "dex_type": "uniswap_v3",
      "pool_address": "",
      "base": "WETH",
      "quote": "USDC",
      "fee": 500,
      "priority": 10
    },
    {
      "chain_id": 42161,
      "dex_key": "uniswap_v3",
      "dex_type": "uniswap_v3",
      "pool_address": "",
      "base": "WETH",
      "quote": "USDC",
      "fee": 3000,
      "priority": 10
    },
    {
      "chain_id": 42161,
      "dex_key": "uniswap_v3",
      "dex_type": "uniswap_v3",
      "pool_address": "",
      "base": "WETH",
      "quote": "USDC",
      "fee": 10000,
      "priority": 10
    },
    {
      "chain_id": 42161,
      "dex_key": "sushiswap_v3",
      "dex_type": "uniswap_v3",
      "pool_address": "",
      "base": "WETH",
      "quote": "USDC",
      "fee": 100,
      "priority": 10
    },
    {
      "chain_id": 42161,
      "dex_key": "sushiswap_v3",
      "dex_type": "uniswap_v3",
      "pool_address": "",
      "base": "WETH",
      "quote": "USDC",
      "fee": 500,
      "priority": 10
    },
    {
      "chain_id": 42161,
      "dex_key": "sushiswap_v3",
      "dex_type": "uniswap_v3",
      "pool_address": "",
      "base": "WETH",
      "quote": "USDC",
      "fee": 3000,
      "priority": 10
    },
    {
      "chain_id": 42161,
      "dex_key": "uniswap_v3",
      "dex_type": "uniswap_v3",
      "pool_address": "",
      "base": "WETH",
      "quote": "WBTC",
      "fee": 100,
      "priority": 10
    },
    {
      "chain_id": 42161,
      "dex_key": "uniswap_v3",
      "dex_type": "uniswap_v3",
      "pool_address": "",
      "base": "WETH",
      "quote": "WBTC",
      "fee": 500,
      "priority": 10
    },
    {
      "chain_id": 42161,
      "dex_key": "uniswap_v3",
      "dex_type": "uniswap_v3",
      "pool_address": "",
      "base": "WETH",
      "quote": "WBTC",
      "fee": 3000,
      "priority": 10
    },
    {
      "chain_id": 42161,
      "dex_key": "uniswap_v3",
      "dex_type": "uniswap_v3",
      "pool_address": "",
      "base": "WETH",
      "quote": "WBTC",
      "fee": 10000,
      "priority": 10
    },
    {
      "chain_id": 42161,
      "dex_key": "sushiswap_v3",
      "dex_type": "uniswap_v3",
      "pool_address": "",
      "base": "WETH",
      "quote": "WBTC",
      "fee": 100,
      "priority": 10
    },
    {
      "chain_id": 42161,
      "dex_key": "sushiswap_v3",
      "dex_type": "uniswap_v3",
      "pool_address": "",
      "base": "WETH",
      "quote": "WBTC",
      "fee": 500,
      "priority": 10
    },
    {
      "chain_id": 42161,
      "dex_key": "sushiswap_v3",
      "dex_type": "uniswap_v3",
      "pool_address": "",
      "base": "WETH",
      "quote": "WBTC",
      "fee": 3000,
      "priority": 10
    },
    {
      "chain_id": 59144,
      "dex_key": "pancakeswap_v3",
      "dex_type": "uniswap_v3",
      "pool_address": "",
      "base": "WETH",
      "quote": "USDC",
      "fee": 100,
      "priority": 10
    },
    {
      "chain_id": 59144,
      "dex_key": "pancakeswap_v3",
      "dex_type": "uniswap_v3",
      "pool_address": "",
      "base": "WETH",
      "quote": "USDC",
      "fee": 500,
      "priority": 10
    },
    {
      "chain_id": 59144,
      "dex_key": "pancakeswap_v3",
      "dex_type": "uniswap_v3",
      "pool_address": "",
      "base": "WETH",
      "quote": "USDC",
      "fee": 2500,
      "priority": 10
    },
    {
      "chain_id": 59144,
      "dex_key": "pancakeswap_v3",
      "dex_type": "uniswap_v3",
      "pool_address": "",
      "base": "WETH",
      "quote": "USDC",
      "fee": 10000,
      "priority": 10
    },
    {
      "chain_id": 59144,
      "dex_key": "pancakeswap_v3",
      "dex_type": "uniswap_v3",
      "pool_address": "",
      "base": "WETH",
      "quote": "USDT",
      "fee": 100,
      "priority": 10
    },
    {
      "chain_id": 59144,
      "dex_key": "pancakeswap_v3",
      "dex_type": "uniswap_v3",
      "pool_address": "",
      "base": "WETH",
      "quote": "USDT",
      "fee": 500,
      "priority": 10
    },
    {
      "chain_id": 59144,
      "dex_key": "pancakeswap_v3",
      "dex_type": "uniswap_v3",
      "pool_address": "",
      "base": "WETH",
      "quote": "USDT",
      "fee": 2500,
      "priority": 10
    },
    {
      "chain_id": 59144,
      "dex_key": "pancakeswap_v3",
      "dex_type": "uniswap_v3",
      "pool_address": "",
      "base": "WETH",
      "quote": "USDT",
      "fee": 10000,
      "priority": 10
    },
    {
      "chain_id": 59144,
      "dex_key": "pancakeswap_v3",
      "dex_type": "uniswap_v3",
      "pool_address": "",
      "base": "USDC",
      "quote": "USDT",
      "fee": 100,
      "priority": 10
    },
    {
      "chain_id": 59144,
      "dex_key": "pancakeswap_v3",
      "dex_type": "uniswap_v3",
      "pool_address": "",
      "base": "USDC",
      "quote": "USDT",
      "fee": 500,
      "priority": 10
    },
    {
      "chain_id": 59144,
      "dex_key": "pancakeswap_v3",
      "dex_type": "uniswap_v3",
      "pool_address": "",
      "base": "USDC",
      "quote": "USDT",
      "fee": 2500,
      "priority": 10
    },
    {
      "chain_id": 59144,
      "dex_key": "pancakeswap_v3",
      "dex_type": "uniswap_v3",
      "pool_address": "",
      "base": "USDC",
      "quote": "USDT",
      "fee": 10000,
      "priority": 10
    },
    {
      "chain_id": 59144,
      "dex_key": "pancakeswap_v3",
      "dex_type": "uniswap_v3",
      "pool_address": "",
      "base": "WETH",
      "quote": "WBTC",
      "fee": 100,
      "priority": 10
    },
    {
      "chain_id": 59144,
      "dex_key": "pancakeswap_v3",
      "dex_type": "uniswap_v3",
      "pool_address": "",
      "base": "WETH",
      "quote": "WBTC",
      "fee": 500,
      "priority": 10
    },
    {
      "chain_id": 59144,
      "dex_key": "pancakeswap_v3",
      "dex_type": "uniswap_v3",
      "pool_address": "",
      "base": "WETH",
      "quote": "WBTC",
      "fee": 2500,
      "priority": 10
    },
    {
      "chain_id": 59144,
      "dex_key": "pancakeswap_v3",
      "dex_type": "uniswap_v3",
      "pool_address": "",
      "base": "WETH",
      "quote": "WBTC",
      "fee": 10000,
      "priority": 10
    },
    {
      "chain_id": 59144,
      "dex_key": "pancakeswap_v3",
      "dex_type": "uniswap_v3",
      "pool_address": "",
      "base": "WBTC",
      "quote": "USDC",
      "fee": 100,
      "priority": 10
    },
    {
      "chain_id": 59144,
      "dex_key": "pancakeswap_v3",
      "dex_type": "uniswap_v3",
      "pool_address": "",
      "base": "WBTC",
      "quote": "USDC",
      "fee": 500,
      "priority": 10
    },
    {
      "chain_id": 59144,
      "dex_key": "pancakeswap_v3",
      "dex_type": "uniswap_v3",
      "pool_address": "",
      "base": "WBTC",
      "quote": "USDC",
      "fee": 2500,
      "priority": 10
    },
    {
      "chain_id": 59144,
      "dex_key": "pancakeswap_v3",
      "dex_type": "uniswap_v3",
      "pool_address": "",
      "base": "WBTC",
      "quote": "USDC",
      "fee": 10000,
      "priority": 10
    },
    {
      "chain_id": 59144,
      "dex_key": "pancakeswap_v3",
      "dex_type": "uniswap_v3",
      "pool_address": "",
      "base": "WBTC",
      "quote": "USDT",
      "fee": 100,
      "priority": 10
    },
    {
      "chain_id": 59144,
      "dex_key": "pancakeswap_v3",
      "dex_type": "uniswap_v3",
      "pool_address": "",
      "base": "WBTC",
      "quote": "USDT",
      "fee": 500,
      "priority": 10
    },
    {
      "chain_id": 59144,
      "dex_key": "pancakeswap_v3",
      "dex_type": "uniswap_v3",
      "pool_address": "",
      "base": "WBTC",
      "quote": "USDT",
      "fee": 2500,
      "priority": 10
    },
    {
      "chain_id": 59144,
      "dex_key": "pancakeswap_v3",
      "dex_type": "uniswap_v3",
      "pool_address": "",
      "base": "WBTC",
      "quote": "USDT",
      "fee": 10000,
      "priority": 10
    },
    {
      "chain_id": 324,
      "dex_key": "pancakeswap_v3",
      "dex_type": "uniswap_v3",
      "pool_address": "",
      "base": "WETH",
      "quote": "USDC",
      "fee": 100,
      "priority": 10
    },
    {
      "chain_id": 324,
      "dex_key": "pancakeswap_v3",
      "dex_type": "uniswap_v3",
      "pool_address": "",
      "base": "WETH",
      "quote": "USDC",
      "fee": 500,
      "priority": 10
    },
    {
      "chain_id": 324,
      "dex_key": "pancakeswap_v3",
      "dex_type": "uniswap_v3",
      "pool_address": "",
      "base": "WETH",
      "quote": "USDC",
      "fee": 2500,
      "priority": 10
    },
    {
      "chain_id": 324,
      "dex_key": "pancakeswap_v3",
      "dex_type": "uniswap_v3",
      "pool_address": "",
      "base": "WETH",
      "quote": "USDC",
      "fee": 10000,
      "priority": 10
    },
    {
      "chain_id": 324,
      "dex_key": "pancakeswap_v3",
      "dex_type": "uniswap_v3",
      "pool_address": "",
      "base": "WETH",
      "quote": "USDT",
      "fee": 100,
      "priority": 10
    },
    {
      "chain_id": 324,
      "dex_key": "pancakeswap_v3",
      "dex_type": "uniswap_v3",
      "pool_address": "",
      "base": "WETH",
      "quote": "USDT",
      "fee": 500,
      "priority": 10
    },
    {
      "chain_id": 324,
      "dex_key": "pancakeswap_v3",
      "dex_type": "uniswap_v3",
      "pool_address": "",
      "base": "WETH",
      "quote": "USDT",
      "fee": 2500,
      "priority": 10
    },
    {
      "chain_id": 324,
      "dex_key": "pancakeswap_v3",
      "dex_type": "uniswap_v3",
      "pool_address": "",
      "base": "WETH",
      "quote": "USDT",
      "fee": 10000,
      "priority": 10
    },
    {
      "chain_id": 324,
      "dex_key": "pancakeswap_v3",
      "dex_type": "uniswap_v3",
      "pool_address": "",
      "base": "USDC",
      "quote": "USDT",
      "fee": 100,
      "priority": 10
    },
    {
      "chain_id": 324,
      "dex_key": "pancakeswap_v3",
      "dex_type": "uniswap_v3",
      "pool_address": "",
      "base": "USDC",
      "quote": "USDT",
      "fee": 500,
      "priority": 10
    },
    {
      "chain_id": 324,
      "dex_key": "pancakeswap_v3",
      "dex_type": "uniswap_v3",
      "pool_address": "",
      "base": "USDC",
      "quote": "USDT",
      "fee": 2500,
      "priority": 10
    },
    {
      "chain_id": 324,
      "dex_key": "pancakeswap_v3",
      "dex_type": "uniswap_v3",
      "pool_address": "",
      "base": "USDC",
      "quote": "USDT",
      "fee": 10000,
      "priority": 10
    },
    {
      "chain_id": 324,
      "dex_key": "pancakeswap_v3",
      "dex_type": "uniswap_v3",
      "pool_address": "",
      "base": "WETH",
      "quote": "WBTC",
      "fee": 100,
      "priority": 10
    },
    {
      "chain_id": 324,
      "dex_key": "pancakeswap_v3",
      "dex_type": "uniswap_v3",
      "pool_address": "",
      "base": "WETH",
      "quote": "WBTC",
      "fee": 500,
      "priority": 10
    },
    {
      "chain_id": 324,
      "dex_key": "pancakeswap_v3",
      "dex_type": "uniswap_v3",
      "pool_address": "",
      "base": "WETH",
      "quote": "WBTC",
      "fee": 2500,
      "priority": 10
    },
    {
      "chain_id": 324,
      "dex_key": "pancakeswap_v3",
      "dex_type": "uniswap_v3",
      "pool_address": "",
      "base": "WETH",
      "quote": "WBTC",
      "fee": 10000,
      "priority": 10
    },
    {
      "chain_id": 324,
      "dex_key": "pancakeswap_v3",
      "dex_type": "uniswap_v3",
      "pool_address": "",
      "base": "WBTC",
      "quote": "USDC",
      "fee": 100,
      "priority": 10
    },
    {
      "chain_id": 324,
      "dex_key": "pancakeswap_v3",
      "dex_type": "uniswap_v3",
      "pool_address": "",
      "base": "WBTC",
      "quote": "USDC",
      "fee": 500,
      "priority": 10
    },
    {
      "chain_id": 324,
      "dex_key": "pancakeswap_v3",
      "dex_type": "uniswap_v3",
      "pool_address": "",
      "base": "WBTC",
      "quote": "USDC",
      "fee": 2500,
      "priority": 10
    },
    {
      "chain_id": 324,
      "dex_key": "pancakeswap_v3",
      "dex_type": "uniswap_v3",
      "pool_address": "",
      "base": "WBTC",
      "quote": "USDC",
      "fee": 10000,
      "priority": 10
    },
    {
      "chain_id": 8453,
      "dex_key": "uniswap_v3",
      "dex_type": "uniswap_v3",
      "pool_address": "",
      "base": "WETH",
      "quote": "USDC",
      "fee": 100,
      "priority": 10
    },
    {
      "chain_id": 8453,
      "dex_key": "uniswap_v3",
      "dex_type": "uniswap_v3",
      "pool_address": "",
      "base": "WETH",
      "quote": "USDC",
      "fee": 500,
      "priority": 10
    },
    {
      "chain_id": 8453,
      "dex_key": "uniswap_v3",
      "dex_type": "uniswap_v3",
      "pool_address": "",
      "base": "WETH",
      "quote": "USDC",
      "fee": 3000,
      "priority": 10
    },
    {
      "chain_id": 8453,
      "dex_key": "uniswap_v3",
      "dex_type": "uniswap_v3",
      "pool_address": "",
      "base": "WETH",
      "quote": "USDC",
      "fee": 10000,
      "priority": 10
    },
    {
      "chain_id": 8453,
      "dex_key": "uniswap_v3",
      "dex_type": "uniswap_v3",
      "pool_address": "",
      "base": "USDC",
      "quote": "USDT",
      "fee": 100,
      "priority": 10
    },
    {
      "chain_id": 8453,
      "dex_key": "uniswap_v3",
      "dex_type": "uniswap_v3",
      "pool_address": "",
      "base": "USDC",
      "quote": "USDT",
      "fee": 500,
      "priority": 10
    },
    {
      "chain_id": 8453,
      "dex_key": "uniswap_v3",
      "dex_type": "uniswap_v3",
      "pool_address": "",
      "base": "USDC",
      "quote": "USDT",
      "fee": 3000,
      "priority": 10
    },
    {
      "chain_id": 8453,
      "dex_key": "uniswap_v3",
      "dex_type": "uniswap_v3",
      "pool_address": "",
      "base": "USDC",
      "quote": "USDT",
      "fee": 10000,
      "priority": 10
    },
    {
      "chain_id": 8453,
      "dex_key": "uniswap_v3",
      "dex_type": "uniswap_v3",
      "pool_address": "",
      "base": "cbETH",
      "quote": "WETH",
      "fee": 100,
      "priority": 10
    },
    {
      "chain_id": 8453,
      "dex_key": "uniswap_v3",
      "dex_type": "uniswap_v3",
      "pool_address": "",
      "base": "cbETH",
      "quote": "WETH",
      "fee": 500,
      "priority": 10
    },
    {
      "chain_id": 8453,
      "dex_key": "uniswap_v3",
      "dex_type": "uniswap_v3",
      "pool_address": "",
      "base": "cbETH",
      "quote": "WETH",
      "fee": 3000,
      "priority": 10
    },
    {
      "chain_id": 8453,
      "dex_key": "uniswap_v3",
      "dex_type": "uniswap_v3",
      "pool_address": "",
      "base": "cbETH",
      "quote": "WETH",
      "fee": 10000,
      "priority": 10
    },
    {
      "chain_id": 8453,
      "dex_key": "uniswap_v3",
      "dex_type": "uniswap_v3",
      "pool_address": "",
      "base": "WETH",
      "quote": "cbBTC",
      "fee": 100,
      "priority": 10
    },
    {
      "chain_id": 8453,
      "dex_key": "uniswap_v3",
      "dex_type": "uniswap_v3",
      "pool_address": "",
      "base": "WETH",
      "quote": "cbBTC",
      "fee": 500,
      "priority": 10
    },
    {
      "chain_id": 8453,
      "dex_key": "uniswap_v3",
      "dex_type": "uniswap_v3",
      "pool_address": "",
      "base": "WETH",
      "quote": "cbBTC",
      "fee": 3000,
      "priority": 10
    },
    {
      "chain_id": 8453,
      "dex_key": "uniswap_v3",
      "dex_type": "uniswap_v3",
      "pool_address": "",
      "base": "WETH",
      "quote": "cbBTC",
      "fee": 10000,
      "priority": 10
    },
    {
      "chain_id": 8453,
      "dex_key": "uniswap_v3",
      "dex_type": "uniswap_v3",
      "pool_address": "",
      "base": "USDC",
      "quote": "cbBTC",
      "fee": 100,
      "priority": 10
    },
    {
      "chain_id": 8453,
      "dex_key": "uniswap_v3",
      "dex_type": "uniswap_v3",
      "pool_address": "",
      "base": "USDC",
      "quote": "cbBTC",
      "fee": 500,
      "priority": 10
    },
    {
      "chain_id": 8453,
      "dex_key": "uniswap_v3",
      "dex_type": "uniswap_v3",
      "pool_address": "",
      "base": "USDC",
      "quote": "cbBTC",
      "fee": 3000,
      "priority": 10
    },
    {
      "chain_id": 8453,
      "dex_key": "uniswap_v3",
      "dex_type": "uniswap_v3",
      "pool_address": "",
      "base": "USDC",
      "quote": "cbBTC",
      "fee": 10000,
      "priority": 10
    },
    {
      "chain_id": 8453,
      "dex_key": "uniswap_v3",
      "dex_type": "uniswap_v3",
      "pool_address": "",
      "base": "cbETH",
      "quote": "USDC",
      "fee": 100,
      "priority": 10
    },
    {
      "chain_id": 8453,
      "dex_key": "uniswap_v3",
      "dex_type": "uniswap_v3",
      "pool_address": "",
      "base": "cbETH",
      "quote": "USDC",
      "fee": 500,
      "priority": 10
    },
    {
      "chain_id": 8453,
      "dex_key": "uniswap_v3",
      "dex_type": "uniswap_v3",
      "pool_address": "",
      "base": "cbETH",
      "quote": "USDC",
      "fee": 3000,
      "priority": 10
    },
    {
      "chain_id": 8453,
      "dex_key": "uniswap_v3",
      "dex_type": "uniswap_v3",
      "pool_address": "",
      "base": "cbETH",
      "quote": "USDC",
      "fee": 10000,
      "priority": 10
    },
    {
      "chain_id": 8453,
      "dex_key": "uniswap_v3",
      "dex_type": "uniswap_v3",
      "pool_address": "",
      "base": "cbBTC",
      "quote": "USDT",
      "fee": 100,
      "priority": 10
    },
    {
      "chain_id": 8453,
      "dex_key": "uniswap_v3",
      "dex_type": "uniswap_v3",
      "pool_address": "",
      "base": "cbBTC",
      "quote": "USDT",
      "fee": 500,
      "priority": 10
    },
    {
      "chain_id": 8453,
      "dex_key": "uniswap_v3",
      "dex_type": "uniswap_v3",
      "pool_address": "",
      "base": "cbBTC",
      "quote": "USDT",
      "fee": 3000,
      "priority": 10
    },
    {
      "chain_id": 8453,
      "dex_key": "uniswap_v3",
      "dex_type": "uniswap_v3",
      "pool_address": "",
      "base": "cbBTC",
      "quote": "USDT",
      "fee": 10000,
      "priority": 10
    }
  ]
}